本平台单号,三方单号,会员ID,上层代理,投注日期时间,投注金额,投注币种,派彩金额,派彩日期时间,会员输赢金额,游戏名称,游戏场馆,有效打码
2067101060059160576,2067099450148447232,2065062780082909184,aq1122,2026-06-17 00:18:08,0.6,USDT,1.38,2026-06-17 00:18:15,0.78,Mahjong Ways,PG,0.6
2067101060164018176,2067099499888725504,2065062780082909184,aq1122,2026-06-17 00:18:20,0.6,USDT,0,2026-06-17 00:18:20,-0.6,Mahjong Ways,PG,0.6
2067101060268875776,2067099515306982912,2065062780082909184,aq1122,2026-06-17 00:18:23,0.6,USDT,0,2026-06-17 00:18:24,-0.6,Mahjong Ways,PG,0.6
2067101060373733376,2067099530934936064,2065062780082909184,aq1122,2026-06-17 00:18:27,0.6,USDT,0,2026-06-17 00:18:27,-0.6,Mahjong Ways,PG,0.6
2067101060478590976,2067099547540224000,2065062780082909184,aq1122,2026-06-17 00:18:31,0.6,USDT,0,2026-06-17 00:18:31,-0.6,Mahjong Ways,PG,0.6
2067101059530678272,2067099562094431744,2065062780082909184,aq1122,2026-06-17 00:18:35,0.6,USDT,0,2026-06-17 00:18:35,-0.6,Mahjong Ways,PG,0.6
2067101059635535872,2067099576799698945,2065062780082909184,aq1122,2026-06-17 00:18:38,0.6,USDT,0,2026-06-17 00:18:38,-0.6,Mahjong Ways,PG,0.6
2067101059849445376,2067099634286796289,2065062780082909184,aq1122,2026-06-17 00:18:52,0.6,USDT,0,2026-06-17 00:18:52,-0.6,Mahjong Ways,PG,0.6
2067101059740393472,2067099648778106881,2065062780082909184,aq1122,2026-06-17 00:18:55,0.6,USDT,0,2026-06-17 00:18:55,-0.6,Mahjong Ways,PG,0.6
2067101059954302976,2067099662870906880,2065062780082909184,aq1122,2026-06-17 00:18:59,0.6,USDT,0.06,2026-06-17 00:19:03,-0.54,Mahjong Ways,PG,0.6
2067101311427993600,2067099697935313920,2065062780082909184,aq1122,2026-06-17 00:19:07,0.6,USDT,0,2026-06-17 00:19:07,-0.6,Mahjong Ways,PG,0.6
2067101312396877824,2067099720513279488,2065062780082909184,aq1122,2026-06-17 00:19:12,0.6,USDT,0,2026-06-17 00:19:13,-0.6,Mahjong Ways,PG,0.6
2067101311113420800,2067099734190887424,2065062780082909184,aq1122,2026-06-17 00:19:16,0.6,USDT,0,2026-06-17 00:19:16,-0.6,Mahjong Ways,PG,0.6
2067101311532851200,2067099749667869696,2065062780082909184,aq1122,2026-06-17 00:19:19,0.6,USDT,4.62,2026-06-17 00:19:25,4.02,Mahjong Ways,PG,0.6
2067101311667068928,2067099794626634240,2065062780082909184,aq1122,2026-06-17 00:19:30,0.6,USDT,0,2026-06-17 00:19:30,-0.6,Mahjong Ways,PG,0.6
2067101311771926528,2067099808182687744,2065062780082909184,aq1122,2026-06-17 00:19:33,0.6,USDT,0,2026-06-17 00:19:33,-0.6,Mahjong Ways,PG,0.6
2067101311218278400,2067099815472351232,2065062780082909184,aq1122,2026-06-17 00:19:35,0.6,USDT,1.02,2026-06-17 00:19:42,0.42,Mahjong Ways,PG,0.6
2067101311327330304,2067099858828898816,2065062780082909184,aq1122,2026-06-17 00:19:45,0.6,USDT,0,2026-06-17 00:19:46,-0.6,Mahjong Ways,PG,0.6
2067101311872589824,2067099866747665408,2065062780082909184,aq1122,2026-06-17 00:19:47,0.6,USDT,0,2026-06-17 00:19:47,-0.6,Mahjong Ways,PG,0.6
2067101311977447424,2067099872221204993,2065062780082909184,aq1122,2026-06-17 00:19:49,0.6,USDT,0.72,2026-06-17 00:19:51,0.12,Mahjong Ways,PG,0.6
2067101312078110720,2067099895700994048,2065062780082909184,aq1122,2026-06-17 00:19:54,0.6,USDT,0,2026-06-17 00:19:54,-0.6,Mahjong Ways,PG,0.6
2067101312182968320,2067099902038525953,2065062780082909184,aq1122,2026-06-17 00:19:56,0.6,USDT,0.06,2026-06-17 00:19:58,-0.54,Mahjong Ways,PG,0.6
2067101562842963968,2067099924431965184,2065062780082909184,aq1122,2026-06-17 00:20:01,0.6,USDT,0,2026-06-17 00:20:01,-0.6,Mahjong Ways,PG,0.6
2067101562956210176,2067099930450787328,2065062780082909184,aq1122,2026-06-17 00:20:02,0.6,USDT,1.68,2026-06-17 00:20:09,1.08,Mahjong Ways,PG,0.6
2067101563065262080,2067099972750351360,2065062780082909184,aq1122,2026-06-17 00:20:12,0.6,USDT,0,2026-06-17 00:20:13,-0.6,Mahjong Ways,PG,0.6
2067101563174313984,2067099980312716800,2065062780082909184,aq1122,2026-06-17 00:20:14,0.6,USDT,0,2026-06-17 00:20:14,-0.6,Mahjong Ways,PG,0.6
2067101563715379200,2067099987141029888,2065062780082909184,aq1122,2026-06-17 00:20:16,0.6,USDT,0,2026-06-17 00:20:16,-0.6,Mahjong Ways,PG,0.6
2067101563283365888,2067100000810182656,2065062780082909184,aq1122,2026-06-17 00:20:19,0.6,USDT,0,2026-06-17 00:20:19,-0.6,Mahjong Ways,PG,0.6
2067101563392417792,2067100007776993792,2065062780082909184,aq1122,2026-06-17 00:20:21,0.6,USDT,0,2026-06-17 00:20:21,-0.6,Mahjong Ways,PG,0.6
2067101563501469696,2067100022381477888,2065062780082909184,aq1122,2026-06-17 00:20:24,0.6,USDT,0,2026-06-17 00:20:25,-0.6,Mahjong Ways,PG,0.6
2067101563606327296,2067100028408767488,2065062780082909184,aq1122,2026-06-17 00:20:26,0.6,USDT,0,2026-06-17 00:20:26,-0.6,Mahjong Ways,PG,0.6
2067101563820236800,2067100041088199168,2065062780082909184,aq1122,2026-06-17 00:20:29,0.6,USDT,0.48,2026-06-17 00:20:33,-0.12,Mahjong Ways,PG,0.6
2067101563929288704,2067100070985089024,2065062780082909184,aq1122,2026-06-17 00:20:36,0.6,USDT,0,2026-06-17 00:20:36,-0.6,Mahjong Ways,PG,0.6
2067101564038340608,2067100134847568384,2065062780082909184,aq1122,2026-06-17 00:20:51,0.6,USDT,0,2026-06-17 00:20:51,-0.6,Mahjong Ways,PG,0.6
2067101564143198208,2067100147413758976,2065062780082909184,aq1122,2026-06-17 00:20:54,0.6,USDT,0,2026-06-17 00:20:54,-0.6,Mahjong Ways,PG,0.6
2067101564252250112,2067100159740865025,2065062780082909184,aq1122,2026-06-17 00:20:57,0.6,USDT,0,2026-06-17 00:20:57,-0.6,Mahjong Ways,PG,0.6
2067101814400540672,2067100171774308864,2065062780082909184,aq1122,2026-06-17 00:21:00,0.6,USDT,0,2026-06-17 00:21:00,-0.6,Mahjong Ways,PG,0.6
2067101814509592576,2067100208809922048,2065062780082909184,aq1122,2026-06-17 00:21:09,0.2,USDT,0,2026-06-17 00:21:09,-0.2,Mahjong Ways,PG,0.2
2067101814614450176,2067100221879368192,2065062780082909184,aq1122,2026-06-17 00:21:12,0.2,USDT,0,2026-06-17 00:21:12,-0.2,Mahjong Ways,PG,0.2
2067101814719307776,2067100233820557312,2065062780082909184,aq1122,2026-06-17 00:21:15,0.2,USDT,0,2026-06-17 00:21:15,-0.2,Mahjong Ways,PG,0.2
2067101814824165376,2067100247607292928,2065062780082909184,aq1122,2026-06-17 00:21:18,0.2,USDT,0.1,2026-06-17 00:21:22,-0.1,Mahjong Ways,PG,0.2
2067100557090807808,6243481944108114122065062780082909184,2065062780082909184,aq1122,2026-06-17 00:22:09,0.01,USDT,0.03,2026-06-17 00:22:09,0.02,Bombing Fishing,Jili FISH,0.01
2067100556331638784,6243482052822507722065062780082909184,2065062780082909184,aq1122,2026-06-17 00:22:11,0.01,USDT,0,2026-06-17 00:22:11,-0.01,Bombing Fishing,Jili FISH,0.01
2067100557204054016,6243482087719117002065062780082909184,2065062780082909184,aq1122,2026-06-17 00:22:12,0.02,USDT,0,2026-06-17 00:22:12,-0.02,Bombing Fishing,Jili FISH,0.02
2067100556222586880,6243482111544074442065062780082909184,2065062780082909184,aq1122,2026-06-17 00:22:14,0.02,USDT,0,2026-06-17 00:22:14,-0.02,Bombing Fishing,Jili FISH,0.02
2067100556440690688,6243482137044132042065062780082909184,2065062780082909184,aq1122,2026-06-17 00:22:15,0.03,USDT,0.11,2026-06-17 00:22:15,0.08,Bombing Fishing,Jili FISH,0.03
2067100556549742592,6243482160364462282065062780082909184,2065062780082909184,aq1122,2026-06-17 00:22:18,0.06,USDT,0,2026-06-17 00:22:18,-0.06,Bombing Fishing,Jili FISH,0.06
2067100556662988800,6243482199958692042065062780082909184,2065062780082909184,aq1122,2026-06-17 00:22:20,0.06,USDT,0.03,2026-06-17 00:22:20,-0.03,Bombing Fishing,Jili FISH,0.06
2067100556767846400,6243482243747225802065062780082909184,2065062780082909184,aq1122,2026-06-17 00:22:23,0.07,USDT,0.06,2026-06-17 00:22:23,-0.01,Bombing Fishing,Jili FISH,0.07
2067100556876898304,6243482283846738122065062780082909184,2065062780082909184,aq1122,2026-06-17 00:22:24,0.05,USDT,0.03,2026-06-17 00:22:24,-0.02,Bombing Fishing,Jili FISH,0.05
2067100556981755904,6243482312869355722065062780082909184,2065062780082909184,aq1122,2026-06-17 00:22:27,0.06,USDT,0,2026-06-17 00:22:27,-0.06,Bombing Fishing,Jili FISH,0.06
2066902750502912000,178162298901735923260000004,2065183159992512512,a1760356615,2026-06-16 11:16:28,100,USDT,137.3,2026-06-17 02:12:00,37.3,足球,体育,37.3
2067138707758571520,6243633794688819402065062780082909184,2065062780082909184,aq1122,2026-06-17 02:53:36,0.02,USDT,0,2026-06-17 02:53:36,-0.02,Bombing Fishing,Jili FISH,0.02
2067138707867623424,6243634511578603722065062780082909184,2065062780082909184,aq1122,2026-06-17 02:53:39,0.16,USDT,0.18,2026-06-17 02:53:39,0.02,Bombing Fishing,Jili FISH,0.16
2067138707997646848,6243634562245796042065062780082909184,2065062780082909184,aq1122,2026-06-17 02:53:41,0.1,USDT,0,2026-06-17 02:53:41,-0.1,Bombing Fishing,Jili FISH,0.1
2067138708102504448,6243634588250480842065062780082909184,2065062780082909184,aq1122,2026-06-17 02:53:44,0.08,USDT,0,2026-06-17 02:53:44,-0.08,Bombing Fishing,Jili FISH,0.08
2067166965497651200,178168598301735923260042321,2065000455472738304,test01,2026-06-17 04:46:22,100,USDT,0,2026-06-17 04:51:00,-100,足球,体育,0
2067167886235459584,178168620201735923260042382,2065000455472738304,test01,2026-06-17 04:50:01,100,USDT,0,2026-06-17 04:52:00,-100,足球,体育,0
2067168225663705088,178168621101735923260052363,2065000455472738304,test01,2026-06-17 04:50:10,100,USDT,0,2026-06-17 04:53:00,-100,足球,体育,0
2067165477471838208,178168562501735923260062246,2065000455472738304,test01,2026-06-17 04:40:24,100,USDT,0,2026-06-17 04:54:00,-100,足球,体育,0
2067173026954797056,178168742401735923260042416,2065000874223661056,test01,2026-06-17 05:10:23,100,USDT,0,2026-06-17 05:16:00,-100,足球,体育,0
2067173805958684672,178168761201735923260002439,2065000874223661056,test01,2026-06-17 05:13:32,100,USDT,0,2026-06-17 05:17:00,-100,足球,体育,0
2067171283646865408,178168701201735923260082329,2065000455472738304,test01,2026-06-17 05:03:31,100,USDT,0,2026-06-17 05:18:00,-100,足球,体育,0
2067172187955585024,178168720001735923260022422,2065000455472738304,test01,2026-06-17 05:06:39,100,USDT,0,2026-06-17 05:24:00,-100,足球,体育,50
2067172503946059776,178168729501735923260052473,2065000455472738304,test01,2026-06-17 05:08:14,100,USDT,188.4,2026-06-17 06:23:00,88.4,足球,体育,88.4
2067196438799839232,2067194990353830400,2066899863253573632,a1760356615,2026-06-17 06:37:46,0.8,USDT,0.32,2026-06-17 06:37:49,-0.48,Mahjong Ways,PG,0.8
2067196438401380352,2067195008104069120,2066899863253573632,a1760356615,2026-06-17 06:37:51,0.8,USDT,0,2026-06-17 06:37:51,-0.8,Mahjong Ways,PG,0.8
2067196438099390464,2067195010809340416,2066899863253573632,a1760356615,2026-06-17 06:37:51,0.8,USDT,0,2026-06-17 06:37:52,-0.8,Mahjong Ways,PG,0.8
2067196438200053760,2067195012998883840,2066899863253573632,a1760356615,2026-06-17 06:37:52,0.8,USDT,0,2026-06-17 06:37:52,-0.8,Mahjong Ways,PG,0.8
2067196438300717056,2067195015267884032,2066899863253573632,a1760356615,2026-06-17 06:37:52,0.8,USDT,0,2026-06-17 06:37:53,-0.8,Mahjong Ways,PG,0.8
2067196438502043648,2067195017696486402,2066899863253573632,a1760356615,2026-06-17 06:37:53,0.8,USDT,0,2026-06-17 06:37:53,-0.8,Mahjong Ways,PG,0.8
2067196438602706944,2067195022578568192,2066899863253573632,a1760356615,2026-06-17 06:37:54,0.8,USDT,0,2026-06-17 06:37:54,-0.8,Mahjong Ways,PG,0.8
2067196438699175936,2067195027762820097,2066899863253573632,a1760356615,2026-06-17 06:37:55,0.8,USDT,2.4,2026-06-17 06:38:00,1.6,Mahjong Ways,PG,0.8
2067196689912819712,2067195055814287362,2066899863253573632,a1760356615,2026-06-17 06:38:02,0.8,USDT,0.16,2026-06-17 06:38:04,-0.64,Mahjong Ways,PG,0.8
2067196690013483008,2067195072813833729,2066899863253573632,a1760356615,2026-06-17 06:38:06,0.8,USDT,11.04,2026-06-17 06:39:01,10.24,Mahjong Ways,PG,0.8
2067196942179233792,2067195335461074944,2066899863253573632,a1760356615,2026-06-17 06:39:09,1,USDT,0,2026-06-17 06:39:09,-1,Mahjong Ways,PG,1
2067196943408164864,2067195338623604226,2066899863253573632,a1760356615,2026-06-17 06:39:09,1,USDT,0.2,2026-06-17 06:39:11,-0.8,Mahjong Ways,PG,1
2067196941361344512,2067195355539181056,2066899863253573632,a1760356615,2026-06-17 06:39:13,1,USDT,0,2026-06-17 06:39:14,-1,Mahjong Ways,PG,1
2067196941466202112,2067195358475269633,2066899863253573632,a1760356615,2026-06-17 06:39:14,1,USDT,0,2026-06-17 06:39:14,-1,Mahjong Ways,PG,1
2067196942279897088,2067195361549688320,2066899863253573632,a1760356615,2026-06-17 06:39:15,1,USDT,1,2026-06-17 06:39:17,0,Mahjong Ways,PG,1
2067196942888071168,2067195378570206720,2066899863253573632,a1760356615,2026-06-17 06:39:19,1,USDT,0,2026-06-17 06:39:19,-1,Mahjong Ways,PG,1
2067196942992928768,2067195381879433728,2066899863253573632,a1760356615,2026-06-17 06:39:20,1,USDT,0,2026-06-17 06:39:20,-1,Mahjong Ways,PG,1
2067196941566865408,2067195384828061184,2066899863253573632,a1760356615,2026-06-17 06:39:20,1,USDT,0.1,2026-06-17 06:39:22,-0.9,Mahjong Ways,PG,1
2067196942380560384,2067195401357811200,2066899863253573632,a1760356615,2026-06-17 06:39:24,1,USDT,0,2026-06-17 06:39:25,-1,Mahjong Ways,PG,1
2067196943508828160,2067195404822297088,2066899863253573632,a1760356615,2026-06-17 06:39:25,1,USDT,0.3,2026-06-17 06:39:27,-0.7,Mahjong Ways,PG,1
2067196941667528704,2067195422002189312,2066899863253573632,a1760356615,2026-06-17 06:39:29,1,USDT,0,2026-06-17 06:39:30,-1,Mahjong Ways,PG,1
2067196943609491456,2067195424904647168,2066899863253573632,a1760356615,2026-06-17 06:39:30,1,USDT,0,2026-06-17 06:39:30,-1,Mahjong Ways,PG,1
2067196941768192000,2067195427626741761,2066899863253573632,a1760356615,2026-06-17 06:39:31,1,USDT,0.5,2026-06-17 06:39:33,-0.5,Mahjong Ways,PG,1
2067196942481223680,2067195445016339969,2066899863253573632,a1760356615,2026-06-17 06:39:35,1,USDT,0,2026-06-17 06:39:35,-1,Mahjong Ways,PG,1
2067196943093592064,2067195447625184769,2066899863253573632,a1760356615,2026-06-17 06:39:35,1,USDT,0,2026-06-17 06:39:36,-1,Mahjong Ways,PG,1
2067196941873049600,2067195450980610049,2066899863253573632,a1760356615,2026-06-17 06:39:36,1,USDT,0,2026-06-17 06:39:36,-1,Mahjong Ways,PG,1
2067196943710154752,2067195453723685888,2066899863253573632,a1760356615,2026-06-17 06:39:37,1,USDT,3.2,2026-06-17 06:39:43,2.2,Mahjong Ways,PG,1
2067196942581886976,2067195489077452800,2066899863253573632,a1760356615,2026-06-17 06:39:45,1,USDT,0,2026-06-17 06:39:46,-1,Mahjong Ways,PG,1
2067196941973712896,2067195491887639552,2066899863253573632,a1760356615,2026-06-17 06:39:46,1,USDT,0,2026-06-17 06:39:46,-1,Mahjong Ways,PG,1
2067196943815012352,2067195494358070784,2066899863253573632,a1760356615,2026-06-17 06:39:47,1,USDT,0,2026-06-17 06:39:47,-1,Mahjong Ways,PG,1
2067196943915675648,2067195497482890752,2066899863253573632,a1760356615,2026-06-17 06:39:47,1,USDT,0,2026-06-17 06:39:48,-1,Mahjong Ways,PG,1
2067196942078570496,2067195500196537857,2066899863253573632,a1760356615,2026-06-17 06:39:48,1,USDT,0,2026-06-17 06:39:48,-1,Mahjong Ways,PG,1
2067196942682550272,2067195503040308224,2066899863253573632,a1760356615,2026-06-17 06:39:49,1,USDT,0.2,2026-06-17 06:39:51,-0.8,Mahjong Ways,PG,1
2067196943194255360,2067195521017094656,2066899863253573632,a1760356615,2026-06-17 06:39:53,1,USDT,0,2026-06-17 06:39:53,-1,Mahjong Ways,PG,1
2067196942787407872,2067195523789542400,2066899863253573632,a1760356615,2026-06-17 06:39:54,1,USDT,3,2026-06-17 06:39:58,2,Mahjong Ways,PG,1
2067197194852495360,2067195550108853761,2066899863253573632,a1760356615,2026-06-17 06:40:00,1,USDT,0,2026-06-17 06:40:00,-1,Mahjong Ways,PG,1
2067197194357567488,2067195552860313601,2066899863253573632,a1760356615,2026-06-17 06:40:01,1,USDT,0,2026-06-17 06:40:01,-1,Mahjong Ways,PG,1
2067197194948964352,2067195555402055168,2066899863253573632,a1760356615,2026-06-17 06:40:01,1,USDT,0.5,2026-06-17 06:40:03,-0.5,Mahjong Ways,PG,1
2067197196526022656,2067195573915734017,2066899863253573632,a1760356615,2026-06-17 06:40:06,1,USDT,8.7,2026-06-17 06:40:10,7.7,Mahjong Ways,PG,1
2067197193183162368,2067195600675329024,2066899863253573632,a1760356615,2026-06-17 06:40:12,1,USDT,0.5,2026-06-17 06:40:14,-0.5,Mahjong Ways,PG,1
2067197193573232640,2067195618203358208,2066899863253573632,a1760356615,2026-06-17 06:40:16,1,USDT,0.3,2026-06-17 06:40:18,-0.7,Mahjong Ways,PG,1
2067197195657801728,2067195635009869824,2066899863253573632,a1760356615,2026-06-17 06:40:20,1,USDT,0,2026-06-17 06:40:20,-1,Mahjong Ways,PG,1
2067197193669701632,2067195637593602560,2066899863253573632,a1760356615,2026-06-17 06:40:21,1,USDT,0,2026-06-17 06:40:21,-1,Mahjong Ways,PG,1
2067197193770364928,2067195640173057536,2066899863253573632,a1760356615,2026-06-17 06:40:21,1,USDT,0,2026-06-17 06:40:22,-1,Mahjong Ways,PG,1
2067197194458230784,2067195642614147072,2066899863253573632,a1760356615,2026-06-17 06:40:22,1,USDT,0,2026-06-17 06:40:22,-1,Mahjong Ways,PG,1
2067197195754270720,2067195645684375041,2066899863253573632,a1760356615,2026-06-17 06:40:23,1,USDT,0,2026-06-17 06:40:23,-1,Mahjong Ways,PG,1
2067197193866833920,2067195648142257664,2066899863253573632,a1760356615,2026-06-17 06:40:23,1,USDT,0,2026-06-17 06:40:23,-1,Mahjong Ways,PG,1
2067197195146096640,2067195651028002305,2066899863253573632,a1760356615,2026-06-17 06:40:24,1,USDT,0,2026-06-17 06:40:24,-1,Mahjong Ways,PG,1
2067197196622491648,2067195653813003776,2066899863253573632,a1760356615,2026-06-17 06:40:25,1,USDT,0,2026-06-17 06:40:25,-1,Mahjong Ways,PG,1
2067197195850739712,2067195656186983936,2066899863253573632,a1760356615,2026-06-17 06:40:25,1,USDT,0,2026-06-17 06:40:25,-1,Mahjong Ways,PG,1
2067197193967497216,2067195658690955264,2066899863253573632,a1760356615,2026-06-17 06:40:26,1,USDT,0,2026-06-17 06:40:26,-1,Mahjong Ways,PG,1
2067197195242565632,2067195661509461504,2066899863253573632,a1760356615,2026-06-17 06:40:26,1,USDT,0,2026-06-17 06:40:27,-1,Mahjong Ways,PG,1
2067197194558894080,2067195664168735744,2066899863253573632,a1760356615,2026-06-17 06:40:27,1,USDT,0,2026-06-17 06:40:27,-1,Mahjong Ways,PG,1
2067197195339034624,2067195666966286848,2066899863253573632,a1760356615,2026-06-17 06:40:28,1,USDT,0.3,2026-06-17 06:40:30,-0.7,Mahjong Ways,PG,1
2067197193082499072,2067195685672934912,2066899863253573632,a1760356615,2026-06-17 06:40:32,1,USDT,0.1,2026-06-17 06:40:34,-0.9,Mahjong Ways,PG,1
2067197194655363072,2067195702420830208,2066899863253573632,a1760356615,2026-06-17 06:40:36,1,USDT,0,2026-06-17 06:40:36,-1,Mahjong Ways,PG,1
2067197194063966208,2067195705318971393,2066899863253573632,a1760356615,2026-06-17 06:40:37,1,USDT,0,2026-06-17 06:40:37,-1,Mahjong Ways,PG,1
2067197195045433344,2067195707919529473,2066899863253573632,a1760356615,2026-06-17 06:40:38,1,USDT,0,2026-06-17 06:40:38,-1,Mahjong Ways,PG,1
2067197196232421376,2067195710771608576,2066899863253573632,a1760356615,2026-06-17 06:40:38,1,USDT,0,2026-06-17 06:40:38,-1,Mahjong Ways,PG,1
2067197196035289088,2067195713560901632,2066899863253573632,a1760356615,2026-06-17 06:40:39,1,USDT,0,2026-06-17 06:40:39,-1,Mahjong Ways,PG,1
2067197195443892224,2067195715888734211,2066899863253573632,a1760356615,2026-06-17 06:40:39,1,USDT,0,2026-06-17 06:40:40,-1,Mahjong Ways,PG,1
2067197193279631360,2067195721278358528,2066899863253573632,a1760356615,2026-06-17 06:40:41,1,USDT,1,2026-06-17 06:40:43,0,Mahjong Ways,PG,1
2067197193376100352,2067195738084922882,2066899863253573632,a1760356615,2026-06-17 06:40:45,1,USDT,0.2,2026-06-17 06:40:47,-0.8,Mahjong Ways,PG,1
2067197195561332736,2067195755625562625,2066899863253573632,a1760356615,2026-06-17 06:40:49,1,USDT,0,2026-06-17 06:40:49,-1,Mahjong Ways,PG,1
2067197196328890368,2067195758439904257,2066899863253573632,a1760356615,2026-06-17 06:40:50,1,USDT,0,2026-06-17 06:40:50,-1,Mahjong Ways,PG,1
2067197194164629504,2067195761296250369,2066899863253573632,a1760356615,2026-06-17 06:40:50,1,USDT,0.7,2026-06-17 06:40:54,-0.3,Mahjong Ways,PG,1
2067197196135952384,2067195787401564160,2066899863253573632,a1760356615,2026-06-17 06:40:57,1,USDT,0,2026-06-17 06:40:57,-1,Mahjong Ways,PG,1
2067197193476763648,2067195791314885120,2066899863253573632,a1760356615,2026-06-17 06:40:57,1,USDT,0,2026-06-17 06:40:58,-1,Mahjong Ways,PG,1
2067197196429553664,2067195794221480449,2066899863253573632,a1760356615,2026-06-17 06:40:58,1,USDT,0,2026-06-17 06:40:58,-1,Mahjong Ways,PG,1
2067197194261098496,2067195796876542976,2066899863253573632,a1760356615,2026-06-17 06:40:59,1,USDT,0,2026-06-17 06:40:59,-1,Mahjong Ways,PG,1
2067197194751832064,2067195799657334272,2066899863253573632,a1760356615,2026-06-17 06:40:59,1,USDT,0.2,2026-06-17 06:41:01,-0.8,Mahjong Ways,PG,1
2067197446393294848,2067195816048591872,2066899863253573632,a1760356615,2026-06-17 06:41:03,1,USDT,0,2026-06-17 06:41:04,-1,Mahjong Ways,PG,1
2067197447206989824,2067195819324406272,2066899863253573632,a1760356615,2026-06-17 06:41:04,1,USDT,7.2,2026-06-17 06:41:08,6.2,Mahjong Ways,PG,1
2067197445206306816,2067195846310540800,2066899863253573632,a1760356615,2026-06-17 06:41:11,1,USDT,0,2026-06-17 06:41:11,-1,Mahjong Ways,PG,1
2067197444602327040,2067195849196195328,2066899863253573632,a1760356615,2026-06-17 06:41:11,1,USDT,0,2026-06-17 06:41:11,-1,Mahjong Ways,PG,1
2067197446493958144,2067195852618821120,2066899863253573632,a1760356615,2026-06-17 06:41:12,1,USDT,0,2026-06-17 06:41:12,-1,Mahjong Ways,PG,1
2067197445306970112,2067195855777158657,2066899863253573632,a1760356615,2026-06-17 06:41:13,1,USDT,0,2026-06-17 06:41:13,-1,Mahjong Ways,PG,1
2067197445604765696,2067195858520173056,2066899863253573632,a1760356615,2026-06-17 06:41:13,1,USDT,0,2026-06-17 06:41:14,-1,Mahjong Ways,PG,1
2067197446594621440,2067195861451992576,2066899863253573632,a1760356615,2026-06-17 06:41:14,1,USDT,3.6,2026-06-17 06:41:20,2.6,Mahjong Ways,PG,1
2067197446691090432,2067195896147281409,2066899863253573632,a1760356615,2026-06-17 06:41:22,1,USDT,3.6,2026-06-17 06:41:28,2.6,Mahjong Ways,PG,1
2067197445705428992,2067195930662230528,2066899863253573632,a1760356615,2026-06-17 06:41:31,1,USDT,0,2026-06-17 06:41:31,-1,Mahjong Ways,PG,1
2067197444707184640,2067195934038640640,2066899863253573632,a1760356615,2026-06-17 06:41:31,1,USDT,0,2026-06-17 06:41:32,-1,Mahjong Ways,PG,1
2067197446791753728,2067195936282509312,2066899863253573632,a1760356615,2026-06-17 06:41:32,1,USDT,2.1,2026-06-17 06:41:36,1.1,Mahjong Ways,PG,1
2067197445801897984,2067195962094285825,2066899863253573632,a1760356615,2026-06-17 06:41:38,1,USDT,0,2026-06-17 06:41:38,-1,Mahjong Ways,PG,1
2067197445403439104,2067195964967390209,2066899863253573632,a1760356615,2026-06-17 06:41:39,1,USDT,0,2026-06-17 06:41:39,-1,Mahjong Ways,PG,1
2067197445504102400,2067195967936964608,2066899863253573632,a1760356615,2026-06-17 06:41:40,1,USDT,0,2026-06-17 06:41:40,-1,Mahjong Ways,PG,1
2067197445902561280,2067195970352962560,2066899863253573632,a1760356615,2026-06-17 06:41:40,1,USDT,1,2026-06-17 06:41:42,0,Mahjong Ways,PG,1
2067197446892417024,2067195987214009856,2066899863253573632,a1760356615,2026-06-17 06:41:44,1,USDT,0,2026-06-17 06:41:44,-1,Mahjong Ways,PG,1
2067197444807847936,2067195990284178945,2066899863253573632,a1760356615,2026-06-17 06:41:45,1,USDT,0,2026-06-17 06:41:45,-1,Mahjong Ways,PG,1
2067197444904316928,2067195992956004352,2066899863253573632,a1760356615,2026-06-17 06:41:45,1,USDT,0,2026-06-17 06:41:46,-1,Mahjong Ways,PG,1
2067197445999030272,2067195995535562752,2066899863253573632,a1760356615,2026-06-17 06:41:46,1,USDT,0.5,2026-06-17 06:41:48,-0.5,Mahjong Ways,PG,1
2067197446099693568,2067196013055153152,2066899863253573632,a1760356615,2026-06-17 06:41:50,1,USDT,2.3,2026-06-17 06:41:54,1.3,Mahjong Ways,PG,1
2067197446200356864,2067196038006967808,2066899863253573632,a1760356615,2026-06-17 06:41:56,1,USDT,0,2026-06-17 06:41:56,-1,Mahjong Ways,PG,1
2067197446988886016,2067196040565588993,2066899863253573632,a1760356615,2026-06-17 06:41:57,1,USDT,0,2026-06-17 06:41:57,-1,Mahjong Ways,PG,1
2067197447106326528,2067196043132503552,2066899863253573632,a1760356615,2026-06-17 06:41:57,1,USDT,0,2026-06-17 06:41:58,-1,Mahjong Ways,PG,1
2067197446296825856,2067196045569309696,2066899863253573632,a1760356615,2026-06-17 06:41:58,1,USDT,0,2026-06-17 06:41:58,-1,Mahjong Ways,PG,1
2067197445004980224,2067196048538954241,2066899863253573632,a1760356615,2026-06-17 06:41:59,1,USDT,1,2026-06-17 06:42:01,0,Mahjong Ways,PG,1
2067197696247984128,2067196065534210561,2066899863253573632,a1760356615,2026-06-17 06:42:03,1,USDT,0,2026-06-17 06:42:03,-1,Mahjong Ways,PG,1
2067197697816653824,2067196068134756864,2066899863253573632,a1760356615,2026-06-17 06:42:03,1,USDT,1,2026-06-17 06:42:05,0,Mahjong Ways,PG,1
2067197696344453120,2067196084878358529,2066899863253573632,a1760356615,2026-06-17 06:42:07,1,USDT,0.5,2026-06-17 06:42:09,-0.5,Mahjong Ways,PG,1
2067197697145565184,2067196101689159168,2066899863253573632,a1760356615,2026-06-17 06:42:11,1,USDT,0.3,2026-06-17 06:42:13,-0.7,Mahjong Ways,PG,1
2067197698290610176,2067196118604745728,2066899863253573632,a1760356615,2026-06-17 06:42:15,1,USDT,0,2026-06-17 06:42:16,-1,Mahjong Ways,PG,1
2067197697237839872,2067196121142299137,2066899863253573632,a1760356615,2026-06-17 06:42:16,1,USDT,0,2026-06-17 06:42:16,-1,Mahjong Ways,PG,1
2067197697334308864,2067196123814062080,2066899863253573632,a1760356615,2026-06-17 06:42:17,1,USDT,1.2,2026-06-17 06:42:19,0.2,Mahjong Ways,PG,1
2067197698387079168,2067196140817765888,2066899863253573632,a1760356615,2026-06-17 06:42:21,1,USDT,0.2,2026-06-17 06:42:23,-0.8,Mahjong Ways,PG,1
2067197697913122816,2067196157880176640,2066899863253573632,a1760356615,2026-06-17 06:42:25,1,USDT,0.75,2026-06-17 06:42:27,-0.25,Mahjong Ways,PG,1
2067197697430777856,2067196181267659265,2066899863253573632,a1760356615,2026-06-17 06:42:30,2,USDT,0,2026-06-17 06:42:31,-2,Mahjong Ways,PG,2
2067197696440922112,2067196184719630848,2066899863253573632,a1760356615,2026-06-17 06:42:31,2,USDT,0,2026-06-17 06:42:32,-2,Mahjong Ways,PG,2
2067197696537391104,2067196188767080960,2066899863253573632,a1760356615,2026-06-17 06:42:32,2,USDT,0,2026-06-17 06:42:32,-2,Mahjong Ways,PG,2
2067197698483548160,2067196192248363009,2066899863253573632,a1760356615,2026-06-17 06:42:33,2,USDT,0.4,2026-06-17 06:42:35,-1.6,Mahjong Ways,PG,2
2067197696633860096,2067196208459381760,2066899863253573632,a1760356615,2026-06-17 06:42:37,2,USDT,0.8,2026-06-17 06:42:39,-1.2,Mahjong Ways,PG,2
2067197697527246848,2067196225475597824,2066899863253573632,a1760356615,2026-06-17 06:42:41,2,USDT,0,2026-06-17 06:42:41,-2,Mahjong Ways,PG,2
2067197697619521536,2067196228592012800,2066899863253573632,a1760356615,2026-06-17 06:42:42,2,USDT,0,2026-06-17 06:42:42,-2,Mahjong Ways,PG,2
2067197696747106304,2067196232853447680,2066899863253573632,a1760356615,2026-06-17 06:42:43,2,USDT,0,2026-06-17 06:42:43,-2,Mahjong Ways,PG,2
2067197698005397504,2067196236062052352,2066899863253573632,a1760356615,2026-06-17 06:42:43,2,USDT,0,2026-06-17 06:42:44,-2,Mahjong Ways,PG,2
2067197697720184832,2067196239866333696,2066899863253573632,a1760356615,2026-06-17 06:42:44,2,USDT,0,2026-06-17 06:42:45,-2,Mahjong Ways,PG,2
2067197696843575296,2067196243133721088,2066899863253573632,a1760356615,2026-06-17 06:42:45,2,USDT,0.4,2026-06-17 06:42:47,-1.6,Mahjong Ways,PG,2
2067197698575822848,2067196259642382848,2066899863253573632,a1760356615,2026-06-17 06:42:49,2,USDT,0.4,2026-06-17 06:42:51,-1.6,Mahjong Ways,PG,2
2067197698672291840,2067196276839068672,2066899863253573632,a1760356615,2026-06-17 06:42:53,2,USDT,0,2026-06-17 06:42:53,-2,Mahjong Ways,PG,2
2067197698768760832,2067196279930278912,2066899863253573632,a1760356615,2026-06-17 06:42:54,2,USDT,0,2026-06-17 06:42:54,-2,Mahjong Ways,PG,2
2067197696940044288,2067196282765634560,2066899863253573632,a1760356615,2026-06-17 06:42:55,2,USDT,0.4,2026-06-17 06:42:57,-1.6,Mahjong Ways,PG,2
2067197698101866496,2067196300130107392,2066899863253573632,a1760356615,2026-06-17 06:42:59,2,USDT,0,2026-06-17 06:42:59,-2,Mahjong Ways,PG,2
2067197698198335488,2067196302961178112,2066899863253573632,a1760356615,2026-06-17 06:42:59,2,USDT,0,2026-06-17 06:43:00,-2,Mahjong Ways,PG,2
2067197947923001344,2067196306429955584,2066899863253573632,a1760356615,2026-06-17 06:43:00,2,USDT,0.4,2026-06-17 06:43:02,-1.6,Mahjong Ways,PG,2
2067197948023664640,2067196322590531072,2066899863253573632,a1760356615,2026-06-17 06:43:04,2,USDT,0,2026-06-17 06:43:04,-2,Mahjong Ways,PG,2
2067197948124327936,2067196325660850176,2066899863253573632,a1760356615,2026-06-17 06:43:05,2,USDT,0,2026-06-17 06:43:05,-2,Mahjong Ways,PG,2
2067258564644855808,178170782201735923260032832,2065001864284925952,test01,2026-06-17 10:50:20,100,USDT,170.4,2026-06-17 11:27:00,70.4,足球,体育,70.4
2067258564552581120,178170782101735923260022851,2065001864284925952,test01,2026-06-17 10:50:20,94.3,USDT,194.3,2026-06-17 11:55:00,100,足球,体育,94.3
2067258564233814016,178170782101735923260052890,2065001864284925952,test01,2026-06-17 10:50:20,94.3,USDT,0,2026-06-17 11:56:00,-94.3,足球,体育,94.3
2067186237584334848,606497048,2066899863253573632,a1760356615,2026-06-17 06:02:18,30,USDT,0,2026-06-17 13:56:27,-30,皇冠体育,皇冠体育,30
2067186489112551424,606497273,2066899863253573632,a1760356615,2026-06-17 06:03:05,30,USDT,0,2026-06-17 13:56:27,-30,皇冠体育,皇冠体育,30
2067211151805902848,606532378,2065397098395267072,pd1122,2026-06-17 07:41:21,200,USDT,0,2026-06-17 13:56:44,-200,皇冠体育,皇冠体育,200
2067211277324644352,606532470,2065397098395267072,pd1122,2026-06-17 07:41:33,200,USDT,0,2026-06-17 13:56:44,-200,皇冠体育,皇冠体育,200
2067211277421113344,606532582,2065397098395267072,pd1122,2026-06-17 07:41:48,200,USDT,0,2026-06-17 13:56:44,-200,皇冠体育,皇冠体育,200
2067223105341616128,606552688,2066899863253573632,a1760356615,2026-06-17 08:28:38,20,USDT,0,2026-06-17 13:56:55,-20,皇冠体育,皇冠体育,20
2067224237774336000,606554749,2066899863253573632,a1760356615,2026-06-17 08:33:16,20,USDT,0,2026-06-17 13:56:56,-20,皇冠体育,皇冠体育,20
2067224363691536384,606554928,2066899863253573632,a1760356615,2026-06-17 08:33:38,20,USDT,0,2026-06-17 13:56:56,-20,皇冠体育,皇冠体育,20
2067224363892862976,606555067,2066899863253573632,a1760356615,2026-06-17 08:33:59,10,USDT,0,2026-06-17 13:56:56,-10,皇冠体育,皇冠体育,10
2067224489629708288,606555122,2066899863253573632,a1760356615,2026-06-17 08:34:08,10,USDT,0,2026-06-17 13:56:56,-10,皇冠体育,皇冠体育,10
2067166647368081408,178168590601735923260072360,2065000455472738304,test01,2026-06-17 04:45:05,100,USDT,0,2026-06-17 13:58:00,-100,足球,体育,100
2067166178876907520,178168579501735923260002238,2065000455472738304,test01,2026-06-17 04:43:14,100,USDT,0,2026-06-17 13:58:00,-100,足球,体育,100
2067214959263768576,178169742501735923260092598,2065416090673541120,test01,2026-06-17 07:57:04,150,USDT,0,2026-06-17 13:58:00,-150,足球,体育,150
2067270656311582720,178171070401735923260022849,2065449725409685504,aq1122,2026-06-17 11:38:24,100,USDT,0,2026-06-17 13:58:00,-100,足球,体育,100
2067211403304759296,606532790,2065397098395267072,pd1122,2026-06-17 07:42:18,200,USDT,0,2026-06-17 15:00:10,-200,皇冠体育,皇冠体育,200
2067166177450844160,178168579501735923260032207,2065000455472738304,test01,2026-06-17 04:43:14,100,USDT,0,2026-06-17 15:03:00,-100,足球,体育,100
2067171283265183744,178168701201735923260072308,2065000455472738304,test01,2026-06-17 05:03:31,100,USDT,280,2026-06-17 15:03:00,180,足球,体育,100
2067196891322015744,178169311701735923260072537,2065000455472738304,test01,2026-06-17 06:45:16,100,USDT,0,2026-06-17 15:03:00,-100,足球,体育,100
2067172883509600256,178168739401735923260082465,2065000874223661056,test01,2026-06-17 05:09:53,100,USDT,0,2026-06-17 15:03:00,-100,足球,体育,100
2067186363174379520,606497113,2066899863253573632,a1760356615,2026-06-17 06:02:31,30,USDT,0,2026-06-17 15:03:46,-30,皇冠体育,皇冠体育,30
2067186363279237120,606497168,2066899863253573632,a1760356615,2026-06-17 06:02:41,30,USDT,0,2026-06-17 15:03:46,-30,皇冠体育,皇冠体育,30
2067166644239130624,178168590601735923260002229,2065000455472738304,test01,2026-06-17 04:45:05,100,USDT,0,2026-06-17 15:04:00,-100,足球,体育,100
2067172545419337728,178168731301735923260092404,2065000874223661056,test01,2026-06-17 05:08:32,100,USDT,0,2026-06-17 15:04:00,-100,足球,体育,100
2067215232108720128,178169749001735923260082612,2065001057980313600,test01,2026-06-17 07:58:09,200,USDT,400,2026-06-17 15:04:00,200,足球,体育,200
2067211151701045248,606532327,2065397098395267072,pd1122,2026-06-17 07:41:13,200,USDT,0,2026-06-17 15:04:14,-200,皇冠体育,皇冠体育,200
2067218575552016384,606544844,2066899863253573632,a1760356615,2026-06-17 08:10:33,20,USDT,0,2026-06-17 15:04:25,-20,皇冠体育,皇冠体育,20
2067219204697616384,606545875,2066899863253573632,a1760356615,2026-06-17 08:13:10,33,USDT,0,2026-06-17 15:04:26,-33,皇冠体育,皇冠体育,33
2067223105442279424,606552746,2066899863253573632,a1760356615,2026-06-17 08:28:48,20,USDT,0,2026-06-17 15:04:34,-20,皇冠体育,皇冠体育,20
2067224237874999296,606554849,2066899863253573632,a1760356615,2026-06-17 08:33:28,20,USDT,0,2026-06-17 15:04:36,-20,皇冠体育,皇冠体育,20
2067224363792199680,606554995,2066899863253573632,a1760356615,2026-06-17 08:33:47,20,USDT,0,2026-06-17 15:04:36,-20,皇冠体育,皇冠体育,20
2067225118590758912,606556165,2065397098395267072,pd1122,2026-06-17 08:36:37,100,USDT,0,2026-06-17 15:04:37,-100,皇冠体育,皇冠体育,100
2067225873569673216,606557899,2065416090673541120,test01,2026-06-17 08:39:50,50,USDT,0,2026-06-17 15:04:38,-50,皇冠体育,皇冠体育,50
2067278203957436416,178171250401735923260002913,2065183159992512512,a1760356615,2026-06-17 12:08:22,100,USDT,0,2026-06-17 15:05:00,-100,足球,体育,100
2067258591853305856,178170782801735923260002863,2065416090673541120,test01,2026-06-17 10:50:27,150,USDT,0,2026-06-17 15:07:00,-150,足球,体育,150
2067215044949204992,178169744601735923260092640,2065416090673541120,test01,2026-06-17 07:57:25,100,USDT,0,2026-06-17 15:07:00,-100,足球,体育,100
2067258632525471744,178170783401735923260022824,2065416090673541120,test01,2026-06-17 10:50:33,100,USDT,0,2026-06-17 15:07:00,-100,足球,体育,100
2067215046056501248,178169744601735923260032599,2065416090673541120,test01,2026-06-17 07:57:25,100,USDT,0,2026-06-17 15:07:00,-100,足球,体育,100
2067218786638753792,178169833601735923260082627,2065416090673541120,test01,2026-06-17 08:12:15,100,USDT,0,2026-06-17 15:07:00,-100,足球,体育,100
2067258651924127744,178170784201735923260002815,2065416090673541120,test01,2026-06-17 10:50:41,100,USDT,0,2026-06-17 15:07:00,-100,足球,体育,100
2067215108297060352,178169746101735923260032611,2065416090673541120,test01,2026-06-17 07:57:40,200,USDT,0,2026-06-17 15:08:00,-200,足球,体育,200
2067256913171210240,178170742501735923260002787,2065416090673541120,test01,2026-06-17 10:43:44,100,USDT,590,2026-06-17 15:08:00,490,足球,体育,100
2067265614141612032,178170950201735923260022847,2065449725409685504,aq1122,2026-06-17 11:18:22,100,USDT,0,2026-06-17 15:08:00,-100,足球,体育,100
2067215368384569344,178169751901735923260092683,2065001057980313600,test01,2026-06-17 07:58:38,188.4,USDT,388.4,2026-06-17 15:10:00,200,足球,体育,188.4
2067278225369358336,178171250301735923260032992,2065183159992512512,a1760356615,2026-06-17 12:08:22,100,USDT,0,2026-06-17 15:10:00,-100,足球,体育,50
2067307536851820544,606817053,2065397098395267072,pd1122,2026-06-17 14:04:15,300,USDT,0,2026-06-17 15:10:19,-300,皇冠体育,皇冠体育,300
2067312821611945984,606832916,2065449725409685504,aq1122,2026-06-17 14:25:13,10,USDT,0,2026-06-17 15:10:57,-10,皇冠体育,皇冠体育,10
2067316848160563200,606843498,2065397098395267072,pd1122,2026-06-17 14:41:25,500,USDT,0,2026-06-17 15:11:21,-500,皇冠体育,皇冠体育,500
2067326159393808384,606877588,2065416090673541120,test01,2026-06-17 15:18:30,50,USDT,0,2026-06-17 16:15:26,-50,皇冠体育,皇冠体育,50
2067324901249409024,606870833,2066899863253573632,a1760356615,2026-06-17 15:13:17,50,USDT,0,2026-06-17 16:39:41,-50,皇冠体育,皇冠体育,50
2067325026893979648,606871119,2065397098395267072,pd1122,2026-06-17 15:13:30,200,USDT,0,2026-06-17 16:39:41,-200,皇冠体育,皇冠体育,200
2067326411265957888,606878263,2065416090673541120,test01,2026-06-17 15:19:09,50,USDT,0,2026-06-17 16:46:09,-50,皇冠体育,皇冠体育,50
2067330186156335104,606893060,2066899863253573632,a1760356615,2026-06-17 15:34:18,50,USDT,0,2026-06-17 16:46:19,-50,皇冠体育,皇冠体育,50
2067330186273775616,606893159,2066899863253573632,a1760356615,2026-06-17 15:34:24,50,USDT,0,2026-06-17 16:46:20,-50,皇冠体育,皇冠体育,50
2067335974207774720,606910058,2066899863253573632,a1760356615,2026-06-17 15:57:08,20,USDT,0,2026-06-17 16:46:32,-20,皇冠体育,皇冠体育,20
2067324901144551424,606870450,2065397098395267072,pd1122,2026-06-17 15:13:00,200,USDT,0,2026-06-17 16:55:52,-200,皇冠体育,皇冠体育,200
2067324901354266624,606870866,2065397098395267072,pd1122,2026-06-17 15:13:19,200,USDT,0,2026-06-17 16:55:52,-200,皇冠体育,皇冠体育,200
2067324901454929920,606871068,2066899863253573632,a1760356615,2026-06-17 15:13:27,50,USDT,0,2026-06-17 16:55:52,-50,皇冠体育,皇冠体育,50
2067326285319397376,606878030,2065416090673541120,test01,2026-06-17 15:18:56,50,USDT,0,2026-06-17 16:55:58,-50,皇冠体育,皇冠体育,50
2067335848135385088,606909741,2066899863253573632,a1760356615,2026-06-17 15:56:47,20,USDT,0,2026-06-17 16:56:19,-20,皇冠体育,皇冠体育,20
2067335974308438016,606910206,2066899863253573632,a1760356615,2026-06-17 15:57:17,20,USDT,0,2026-06-17 16:56:20,-20,皇冠体育,皇冠体育,20
2067348053711020032,606935060,2066899863253573632,a1760356615,2026-06-17 16:45:14,50,USDT,0,2026-06-17 16:56:38,-50,皇冠体育,皇冠体育,50
2067326285218734080,606877827,2065416090673541120,test01,2026-06-17 15:18:45,50,USDT,0,2026-06-17 17:15:27,-50,皇冠体育,皇冠体育,50
2067335974107111424,606909946,2066899863253573632,a1760356615,2026-06-17 15:57:00,20,USDT,0,2026-06-17 17:15:40,-20,皇冠体育,皇冠体育,20
2067323642954014720,606863780,2065397098395267072,pd1122,2026-06-17 15:08:05,100,USDT,0,2026-06-17 17:53:46,-100,皇冠体育,皇冠体育,100
2067326914414665728,606880326,2065397098395267072,pd1122,2026-06-17 15:21:02,400,USDT,0,2026-06-17 17:53:51,-400,皇冠体育,皇冠体育,400
2067336099822985216,606910459,2066899863253573632,a1760356615,2026-06-17 15:57:35,20,USDT,0,2026-06-17 17:54:00,-20,皇冠体育,皇冠体育,20
2067337609730482176,606915495,2066899863253573632,a1760356615,2026-06-17 16:03:44,30,USDT,0,2026-06-17 17:54:01,-30,皇冠体育,皇冠体育,30
2067278200547467264,178171250301735923260092941,2065183159992512512,a1760356615,2026-06-17 12:08:22,100,USDT,152.3,2026-06-17 18:05:00,52.3,足球,体育,52.3
2067173732357038080,178168759601735923260042468,2065000874223661056,test01,2026-06-17 05:13:15,100,USDT,0,2026-06-17 18:05:00,-100,足球,体育,100
2067338106847780864,178172678601735923260013822,2065449725409685504,aq1122,2026-06-17 16:06:25,100,USDT,0,2026-06-17 18:05:00,-100,足球,体育,100
2067327166127431680,606881834,2065416090673541120,test01,2026-06-17 15:22:23,50,USDT,0,2026-06-17 18:05:20,-50,皇冠体育,皇冠体育,50
2067327166228094976,606881942,2065416090673541120,test01,2026-06-17 15:22:29,50,USDT,0,2026-06-17 18:05:20,-50,皇冠体育,皇冠体育,50
2067327669477466112,606883736,2065416090673541120,test01,2026-06-17 15:24:10,100,USDT,167,2026-06-17 18:05:23,67,皇冠体育,皇冠体育,67
2067173657291579392,178168757801735923260062487,2065000874223661056,test01,2026-06-17 05:12:57,100,USDT,0,2026-06-17 18:06:00,-100,足球,体育,100
2067347927722516480,606934819,2066899863253573632,a1760356615,2026-06-17 16:44:48,50,USDT,650,2026-06-17 18:06:07,600,皇冠体育,皇冠体育,50
2067349689321807872,606937830,2066899863253573632,a1760356615,2026-06-17 16:51:56,50,USDT,0,2026-06-17 18:06:11,-50,皇冠体育,皇冠体育,50
2067350947667533824,606941708,2066899863253573632,a1760356615,2026-06-17 16:56:36,29,USDT,0,2026-06-17 18:06:21,-29,皇冠体育,皇冠体育,29
2067215463013543936,178169754601735923260072614,2065001057980313600,test01,2026-06-17 07:59:05,100,USDT,187.4,2026-06-17 18:09:00,87.4,足球,体育,87.4
2067282874387525632,606723556,2065183159992512512,a1760356615,2026-06-17 12:26:23,30,USDT,0,2026-06-17 21:05:05,-30,皇冠体育,皇冠体育,30
2067371206290071552,606980146,2066899863253573632,a1760356615,2026-06-17 18:17:10,30,USDT,204,2026-06-17 21:06:16,174,皇冠体育,皇冠体育,30
2067371206399123456,606980259,2066899863253573632,a1760356615,2026-06-17 18:17:20,30,USDT,0,2026-06-17 21:06:16,-30,皇冠体育,皇冠体育,30
2067371332039499776,606980363,2066899863253573632,a1760356615,2026-06-17 18:17:31,50,USDT,0,2026-06-17 21:06:16,-50,皇冠体育,皇冠体育,50
2067371332152745984,606980447,2066899863253573632,a1760356615,2026-06-17 18:17:39,50,USDT,0,2026-06-17 21:06:17,-50,皇冠体育,皇冠体育,50
2067371961298345984,606981770,2066899863253573632,a1760356615,2026-06-17 18:20:01,30,USDT,204,2026-06-17 21:06:21,174,皇冠体育,皇冠体育,30
2067372212813979648,606982370,2066899863253573632,a1760356615,2026-06-17 18:21:14,160,USDT,382.4,2026-06-17 21:06:22,222.4,皇冠体育,皇冠体育,160
2067215465454628864,178169754601735923260062625,2065001057980313600,test01,2026-06-17 07:59:05,100,USDT,181.3,2026-06-17 21:13:00,81.3,足球,体育,81.3
2067282208175579136,178171345901735923260092915,2065183159992512512,a1760356615,2026-06-17 12:24:18,100,USDT,180.6,2026-06-17 21:13:00,80.6,足球,体育,80.6
2067424809650380800,607075026,2066899863253573632,a1760356615,2026-06-17 21:50:27,20,USDT,0,2026-06-17 22:43:57,-20,皇冠体育,皇冠体育,20
2067426445181476864,607079776,2066899863253573632,a1760356615,2026-06-17 21:56:34,20,USDT,0,2026-06-17 22:43:58,-20,皇冠体育,皇冠体育,20
2067432484987625472,607097392,2066899863253573632,a1760356615,2026-06-17 22:20:53,30,USDT,0,2026-06-17 22:51:01,-30,皇冠体育,皇冠体育,30
2067257677549559808,178170761001735923260052769,2065001864284925952,test01,2026-06-17 10:46:52,100,USDT,0,2026-06-17 22:55:00,-100,足球,体育,100
2067425312920723456,607076054,2066899863253573632,a1760356615,2026-06-17 21:52:01,50,USDT,0,2026-06-17 23:25:21,-50,皇冠体育,皇冠体育,50
2067426571144814592,607080156,2066899863253573632,a1760356615,2026-06-17 21:57:01,30,USDT,0,2026-06-17 23:25:24,-30,皇冠体育,皇冠体育,30
2067425941877579776,607078207,2066899863253573632,a1760356615,2026-06-17 21:54:43,30,USDT,0,2026-06-17 23:30:22,-30,皇冠体育,皇冠体育,30
2067447710298562560,607124044,2066899863253573632,a1760356615,2026-06-17 23:21:29,50,USDT,0,2026-06-17 23:30:54,-50,皇冠体育,皇冠体育,50
2067447836203180032,607124101,2066899863253573632,a1760356615,2026-06-17 23:21:43,20,USDT,0,2026-06-17 23:30:54,-20,皇冠体育,皇冠体育,20
