会员 ID,会员登入帐号,上级代理,帐号注册方式,注册日期时间,会员暱称,会员邮箱,会员手机号码,最后登入站点的日期时间,第一次充值成功的日期时间,最新一次充值成功的日期时间,第一笔游戏注单的日期时间,最新一笔游戏注单的日期时间,第一次提现成功的日期时间,最新一次提现成功的日期时间,充值累积总次数,累积充值总额,累积提现次数,累积提现总额,有效打码累积总额,输赢累积总额,注单累积总数
2064308517724356608,2064308517724356608,0,Google,2026-06-09 07:27:58,阿坤,,,2026-06-09 08:42:30,,,,,,,0,0,0,0,0,0,0
2064315516855910400,2064315516855910400,0,Google,2026-06-09 07:55:47,charlie G,,,2026-06-09 07:55:47,,,,,,,0,0,0,0,0,0,0
2064316310275620864,2064316310275620864,0,郵箱,2026-06-09 07:58:56,UserEuyTvQ,JkX7EcDv3qOEWzfNzUNjAdF7S2M+t9RcV/89ocMLYGtg1,,2026-06-09 07:59:00,,,,,,,0,0,0,0,0,0,0
2064317087194939392,2064317087194939392,0,郵箱,2026-06-09 08:02:01,UsermlELlv,JUasQoC5jeGEQzqSm1wuDdPmrcSXf9SVksLeaX0fkopIzw==1,,2026-06-09 08:02:01,,,,,,,0,0,0,0,0,0,0
2064318989756399616,2064318989756399616,a1760356615,郵箱,2026-06-09 08:09:35,UserFSAQmX,dQf7EcDtzLGEVDHOyh4uDdPm3vIIMgQsPrMvaUOuV2zMaA==1,,2026-06-09 08:09:41,,,,,,,0,0,0,0,0,0,0
2064323092075118592,2064323092075118592,a1760356615,郵箱,2026-06-09 08:25:53,UserQnvRiP,fxipRoS8h+n9cDnOyARsQN/k9bF4yNC7guGcxJ8ST4Eg91Q=1,,2026-06-09 09:57:51,,,,,,,0,0,0,0,0,0,0
2064326115094560768,2064326115094560768,a1760356615,TG,2026-06-09 08:37:53,Ws02biz,,,2026-06-09 08:38:17,,,,,,,0,0,0,0,0,0,0
2064327032896356352,2064327032896356352,a1760356615,TG,2026-06-09 08:41:32,luntan9527,,,2026-06-09 08:44:40,,,,,,,0,0,0,0,0,0,0
2064327924529889280,2064327924529889280,a1760356615,帳號,2026-06-09 08:45:05,UserInFbtJ,,,2026-06-09 08:45:05,,,,,,,0,0,0,0,0,0,0
2064343299132882944,2064343299132882944,a1760356615,郵箱,2026-06-09 09:46:10,UserXcrvfn,bhzqE9bLy7W3RDfNzkNjAdExcs0n+wj549olVvQk+bI01,,2026-06-09 09:49:54,,,,,,,0,0,0,0,0,0,0
2064368839688585216,,a1760356615,Google,2026-06-09 11:27:40,小元,,,2026-06-10 11:22:37,,,,,,,0,0,0,0,0,0,0
2064375069823860736,412DBDXB,a1760356615,TG,2026-06-09 11:52:25,yyiinn,,,2026-06-15 01:02:59,2026-06-10 11:16:15,2026-06-14 18:16:15,2026-06-10 11:50:46,2026-06-14 18:20:17,2026-06-10 12:11:25,2026-06-14 18:48:15,2,20,6,70,1425.95,-338.15,715
2064378304961839104,693CCNJU,test01,TG,2026-06-09 12:05:16,newPende,,,2026-06-09 22:42:32,,,,,,,0,0,0,0,0,0,0
2064391934868586496,679SMQKM,test01,TG,2026-06-09 12:59:26,UserdEIvGt,,,2026-06-09 13:03:15,,,,,,,0,0,0,0,0,0,0
2064438975359483904,161TEDBU,a1760356615,TG,2026-06-09 16:06:21,Jess_ofc,,,2026-06-09 16:06:21,,,,,,,0,0,0,0,0,0,0
2064539291705995264,,a1760356615,Google,2026-06-09 22:44:59,Chan Eason,,,2026-06-13 11:55:08,,,,,,,0,0,0,0,0,0,0
2064550086783332352,xiaoke124,a1760356615,帳號,2026-06-09 23:27:52,UseroWRkjB,,,2026-06-09 23:40:16,,,,,,,0,0,0,0,0,0,0
2064553880392888320,dkk16688,a1760356615,帳號,2026-06-09 23:42:57,UserfjQFEC,,,2026-06-14 12:58:15,,,,,,,0,0,0,0,0,0,0
2064555256778911744,akk16688,a1760356615,帳號,2026-06-09 23:48:25,UserPTEOoG,,,2026-06-09 23:48:56,,,,,,,0,0,0,0,0,0,0
2064580492463239168,,a1760356615,Google,2026-06-10 01:28:42,Rio,,,2026-06-12 03:33:54,,,,,,,0,0,0,0,0,0,0
2064594474104320000,kkkk9999,a1760356615,帳號,2026-06-10 02:24:15,UseruusZFI,,,2026-06-10 02:24:15,,,,,,,0,0,0,0,0,0,0
2064596638411321344,,a1760356615,TG,2026-06-10 02:32:51,Ws02biz,,,,,,,,,,0,0,0,0,0,0,0
2064596672724922368,,a1760356615,TG,2026-06-10 02:32:59,Ws02biz,,,,,,,,,,0,0,0,0,0,0,0
2064596966582054912,177ENAXB,a1760356615,TG,2026-06-10 02:34:09,lamian4488,,,2026-06-14 09:52:48,,,,,,,0,0,0,0,0,0,0
2064611337706205184,,a1760356615,郵箱,2026-06-10 03:31:16,UserPHxqog,jayzhang9722@gmail.com,,2026-06-11 07:26:31,,,,,,,0,0,0,0,0,0,0
2064623920270077952,buciluobo001,a1760356615,帳號,2026-06-10 04:21:16,UserXgnKWN,,,2026-06-14 16:30:00,2026-06-13 11:52:15,2026-06-13 11:52:15,2026-06-13 11:56:50,2026-06-13 11:56:50,,,1,110,0,0,110,-110,1
2064633854416187392,AA122121,a1760356615,帳號,2026-06-10 05:00:44,UseriLGjpZ,,,2026-06-11 05:20:21,,,,,,,0,0,0,0,0,0,0
2064639556727664640,,a1760356615,TG,2026-06-10 05:23:24,Ws02biz,,,,,,,,,,0,0,0,0,0,0,0
2064639564097056768,,a1760356615,TG,2026-06-10 05:23:25,Ws02biz,,,,,,,,,,0,0,0,0,0,0,0
2064639599232741376,,a1760356615,TG,2026-06-10 05:23:34,Ws02biz,,,,,,,,,,0,0,0,0,0,0,0
2064639738030649344,,a1760356615,Google,2026-06-10 05:24:07,mac sccof,,,2026-06-13 00:38:27,,,,,,,0,0,0,0,0,0,0
2064640287937458176,195MTQGP,a1760356615,TG,2026-06-10 05:26:18,Ws02biz,,,,,,,,,,0,0,0,0,0,0,0
2064640288088453120,838JCGTN,a1760356615,TG,2026-06-10 05:26:18,Ws02biz,,,,,,,,,,0,0,0,0,0,0,0
2064640305046024192,685FUTJU,a1760356615,TG,2026-06-10 05:26:22,Ws02biz,,,,,,,,,,0,0,0,0,0,0,0
2064640330564169728,194MDTMS,a1760356615,TG,2026-06-10 05:26:28,Ws02biz,,,,,,,,,,0,0,0,0,0,0,0
2064640349757304832,514KBRVA,a1760356615,TG,2026-06-10 05:26:33,Ws02biz,,,,,,,,,,0,0,0,0,0,0,0
2064640358431125504,544MVYPM,a1760356615,TG,2026-06-10 05:26:35,Ws02biz,,,,,,,,,,0,0,0,0,0,0,0
2064640370414252032,584FFPJE,a1760356615,TG,2026-06-10 05:26:38,Ws02biz,,,,,,,,,,0,0,0,0,0,0,0
2064640370565246976,162GGQKW,a1760356615,TG,2026-06-10 05:26:38,Ws02biz,,,,,,,,,,0,0,0,0,0,0,0
2064650476895924224,,a1760356615,TG,2026-06-10 06:06:47,Ws02biz,,,,,,,,,,0,0,0,0,0,0,0
2064651108277088256,rlrs8888,a1760356615,帳號,2026-06-10 06:09:18,UserXEYpLk,,,2026-06-15 01:16:44,,,2026-06-12 17:07:04,2026-06-12 17:07:04,,,0,0,0,0,30,-30,1
2064701068251033600,168QNNCM,a1760356615,TG,2026-06-10 09:27:49,Ws02biz,,,,,,,,,,0,0,0,0,0,0,0
2064703836525228032,187SJBUJ,a1760356615,TG,2026-06-10 09:38:49,Ws02biz,,,,,,,,,,0,0,0,0,0,0,0
2064711418371436544,597EVVYH,a1760356615,TG,2026-06-10 10:08:57,huopao202603,,,2026-06-10 13:51:49,,,,,,,0,0,0,0,0,0,0
2064395727521841152,wangzhe99,a1760356615,,2026-06-10 11:00:16,wangzhe99,,,,2026-06-10 11:00:16,2026-06-10 11:04:16,,,,,2,500,0,0,0,0,0
2064738750482149376,,a1760356615,錢包,2026-06-10 11:57:33,UseruvHHCD,,,2026-06-12 16:30:00,2026-06-10 12:05:15,2026-06-10 12:05:15,2026-06-10 12:09:00,2026-06-12 06:59:38,,,1,50,0,0,53,-27.65,13
2064739110928052224,994AJWQF,a1760356615,TG,2026-06-10 11:58:59,Ws02biz,,,,,,,,,,0,0,0,0,0,0,0
2064739280365350912,888YYKPY,a1760356615,TG,2026-06-10 11:59:40,Ws02biz,,,,,,,,,,0,0,0,0,0,0,0
2064755468998864896,,a1760356615,手機號,2026-06-10 13:03:59,UserkSVxKx,,+855 188508888,2026-06-10 17:25:54,,,,,,,0,0,0,0,0,0,0
2064757784330170368,285QJGWD,test01,TG,2026-06-10 13:13:11,yixin_2026,,,2026-06-11 11:28:16,,,,,,,0,0,0,0,0,0,0
2064757880597835776,,a1760356615,Google,2026-06-10 13:13:34,hu jiang,,,2026-06-10 13:16:36,,,,,,,0,0,0,0,0,0,0
2064758437907591168,roy123123,a1760356615,帳號,2026-06-10 13:15:47,Userhbfxqb,,,2026-06-10 13:16:40,,,,,,,0,0,0,0,0,0,0
2064758738655965184,976ERYSK,a1760356615,TG,2026-06-10 13:16:59,UserVNJPja,,,2026-06-11 03:14:15,,,,,,,0,0,0,0,0,0,0
2064759624312614912,229JMDFH,test01,TG,2026-06-10 13:20:30,wangzhe99,,,2026-06-13 16:30:00,2026-06-10 13:30:16,2026-06-13 04:25:15,2026-06-10 13:46:32,2026-06-13 04:28:08,2026-06-10 14:26:50,2026-06-10 14:26:50,2,779.5,1,10,2850,-511.5,352
2064767806829293568,,a1760356615,郵箱,2026-06-10 13:53:01,UserBkeliU,1509686395@qq.com,,2026-06-14 13:26:14,,,,,,,0,0,0,0,0,0,0
2064774736171823104,788UHVAN,a1760356615,TG,2026-06-10 14:20:33,Ws02biz,,,,,,,,,,0,0,0,0,0,0,0
2064774737081987072,565PYAPK,a1760356615,TG,2026-06-10 14:20:33,Ws02biz,,,,,,,,,,0,0,0,0,0,0,0
2064774948323913728,725XFNUT,a1760356615,TG,2026-06-10 14:21:24,Ws02biz,,,,,,,,,,0,0,0,0,0,0,0
2064774949183746048,482ECGTV,a1760356615,TG,2026-06-10 14:21:24,Ws02biz,,,,,,,,,,0,0,0,0,0,0,0
2064774972420190208,583NYBPK,a1760356615,TG,2026-06-10 14:21:29,Ws02biz,,,,,,,,,,0,0,0,0,0,0,0
2064775172870172672,244BURHD,a1760356615,TG,2026-06-10 14:22:17,Ws02biz,,,,,,,,,,0,0,0,0,0,0,0
2064775173750976512,979YGGME,a1760356615,TG,2026-06-10 14:22:17,Ws02biz,,,,,,,,,,0,0,0,0,0,0,0
2064836385687793664,559PEQYC,a1760356615,TG,2026-06-10 18:25:31,lishuai888,,,2026-06-12 18:11:43,,,,,,,0,0,0,0,0,0,0
2064912892363862016,,a1760356615,手機號,2026-06-10 23:29:32,UserYHFjhM,,+86 15623731180,2026-06-10 23:29:32,,,,,,,0,0,0,0,0,0,0
2064914877704105984,,a1760356615,郵箱,2026-06-10 23:37:25,UsercLVMSS,zoeeeppppp@gmail.com,,2026-06-10 23:49:32,,,,,,,0,0,0,0,0,0,0
2064920223768178688,,a1760356615,郵箱,2026-06-10 23:58:40,UserfKuhVJ,nnak686868@gmail.com,,2026-06-14 19:35:52,,,,,,,0,0,0,0,0,0,0
2064961474760601600,,a1760356615,Google,2026-06-11 02:42:35,zoe,,,2026-06-11 05:04:45,,,,,,,0,0,0,0,0,0,0
2064965796764381184,732FJKXY,test01,TG,2026-06-11 02:59:45,kkglen,,,2026-06-12 05:36:08,,,,,,,0,0,0,0,0,0,0
2064969604315803648,,a1760356615,Google,2026-06-11 03:14:53,Michael monitor,,,2026-06-11 03:16:41,,,,,,,0,0,0,0,0,0,0
2064977989404782592,ryan5968,a1760356615,帳號,2026-06-11 03:48:12,UserZWsbNg,,,2026-06-11 03:50:17,,,,,,,0,0,0,0,0,0,0
2064992167536422912,814WJEMA,aq1122,TG,2026-06-11 04:44:33,AJpay8888,,,2026-06-14 16:10:55,,,,,,,0,0,0,0,0,0,0
2064999947139870720,benprd00,test01,帳號,2026-06-11 05:15:27,UserKcKfcp,,,2026-06-14 18:29:57,,,,,,,0,0,0,0,0,0,0
2065000455472738304,elvisprd00,test01,帳號,2026-06-11 05:17:29,UserfoXdOY,,,2026-06-14 03:19:16,,,,,,,0,0,0,0,0,0,0
2065000686767632384,calvinprd00,test01,帳號,2026-06-11 05:18:24,UserRquEsk,,,2026-06-11 05:35:08,,,,,,,0,0,0,0,0,0,0
2065000874223661056,jayprd00,test01,帳號,2026-06-11 05:19:08,UserQAIhJI,,,2026-06-14 04:47:01,,,,,,,0,0,0,0,0,0,0
2065001057980313600,limoprd00,test01,帳號,2026-06-11 05:19:52,UserwTziXW,,,2026-06-11 05:35:41,,,,,,,0,0,0,0,0,0,0
2065001283466096640,ayiprd00,test01,帳號,2026-06-11 05:20:46,UserbmZUqH,,,2026-06-13 17:46:28,,,,,,,0,0,0,0,0,0,0
2065001469261180928,jingprd00,test01,帳號,2026-06-11 05:21:30,UserlAUmRx,,,2026-06-15 00:39:30,,,,,,,0,0,0,0,0,0,0
2065001653848305664,chhayprd00,test01,帳號,2026-06-11 05:22:14,UserKneotV,,,2026-06-13 20:13:07,,,,,,,0,0,0,0,0,0,0
2065001864284925952,tongprd00,test01,帳號,2026-06-11 05:23:04,UseroFXwNR,,,2026-06-14 21:04:40,,,,,,,0,0,0,0,0,0,0
2065002107026075648,xingprd00,test01,帳號,2026-06-11 05:24:02,UserGjrgDy,,,2026-06-14 18:36:30,,,,,,,0,0,0,0,0,0,0
2065017495357026304,711GPKHS,a1760356615,TG,2026-06-11 06:25:11,Ws02biz,,,,,,,,,,0,0,0,0,0,0,0
2065018128696930304,927WXXHC,test01,TG,2026-06-11 06:27:42,UGame78,,,2026-06-11 06:27:52,,,,,,,0,0,0,0,0,0,0
2065018575230922752,571HKDGW,a1760356615,TG,2026-06-11 06:29:29,UGAME_24H,,,2026-06-11 09:01:20,,,,,,,0,0,0,0,0,0,0
2065027362016784384,,a1760356615,郵箱,2026-06-11 07:04:24,UserUWwokT,truebm7@gmail.com,,2026-06-11 07:30:07,,,,,,,0,0,0,0,0,0,0
2065032012489093120,476RSNMQ,a1760356615,TG,2026-06-11 07:22:52,Akun906,,,2026-06-13 02:55:20,,,,,,,0,0,0,0,0,0,0
2065033138768769024,567WWXTR,a1760356615,TG,2026-06-11 07:27:21,true_bm7,,,2026-06-11 07:27:22,,,,,,,0,0,0,0,0,0,0
2065035396583583744,124GVXHD,a1760356615,TG,2026-06-11 07:36:19,BMsports02,,,2026-06-11 07:38:33,,,,,,,0,0,0,0,0,0,0
2065037085067767808,564BPFAE,a1760356615,TG,2026-06-11 07:43:02,UserQCVzfY,,,2026-06-12 06:26:14,,,,,,,0,0,0,0,0,0,0
2065046773033398272,869NQGNV,hj1111,TG,2026-06-11 08:21:32,kl889,,,2026-06-13 12:07:48,,,,,,,0,0,0,0,0,0,0
2065048856344195072,578GWDAF,aq1122,TG,2026-06-11 08:29:48,CL9955,,,2026-06-12 14:11:29,,,,,,,0,0,0,0,0,0,0
2065049967276912640,535BBXBC,hj1111,TG,2026-06-11 08:34:13,qianlong77777777,,,2026-06-13 08:14:34,,,,,,,0,0,0,0,0,0,0
2065054840936525824,745RXRKH,hj1111,TG,2026-06-11 08:53:35,bbyioo,,,2026-06-11 08:55:46,,,,,,,0,0,0,0,0,0,0
2065055318290264064,292JYVSC,hj1111,TG,2026-06-11 08:55:29,tm718,,,2026-06-11 14:16:45,,,,,,,0,0,0,0,0,0,0
2065055352968769536,827ERRKJ,hj1111,TG,2026-06-11 08:55:37,dazhi110,,,2026-06-11 08:57:02,,,,,,,0,0,0,0,0,0,0
2065055419301687296,,a1760356615,Google,2026-06-11 08:55:53,book basic,,,2026-06-11 08:56:41,,,,,,,0,0,0,0,0,0,0
2065055435625918464,684QYTEG,a1760356615,TG,2026-06-11 08:55:57,vipgz998,,,2026-06-11 08:56:14,,,,,,,0,0,0,0,0,0,0
2065057739771015168,421HJKWE,test01,TG,2026-06-11 09:05:06,buciluobo,,,2026-06-13 12:00:16,,,,,,,0,0,0,0,0,0,0
2065060883720630272,655CKBYY,aq1122,TG,2026-06-11 09:17:36,A_Lin8888,,,2026-06-14 16:39:19,,,,,,,0,0,0,0,0,0,0
2065062780082909184,445HTCFB,aq1122,TG,2026-06-11 09:25:08,yanbao168,,,2026-06-14 23:37:00,2026-06-11 10:58:16,2026-06-12 13:49:15,2026-06-11 11:11:16,2026-06-14 13:54:34,2026-06-12 04:21:34,2026-06-12 04:21:34,3,300,1,185,3683.55,-122.3091,3151
2065063441742753792,546FVPCB,aq1122,TG,2026-06-11 09:27:46,LKSS570S,,,2026-06-14 06:45:09,2026-06-11 14:21:15,2026-06-11 18:19:15,2026-06-11 14:25:26,2026-06-12 16:24:44,,,4,150,0,0,970.03,-156.4927,804
2065064094321930240,698PHQCD,hj1111,TG,2026-06-11 09:30:21,udd6888,,,2026-06-11 09:30:24,,,,,,,0,0,0,0,0,0,0
2065064298395791360,668XSRAS,hj1111,TG,2026-06-11 09:31:10,laicai679,,,2026-06-11 09:31:11,,,,,,,0,0,0,0,0,0,0
2065067187256225792,556NBQJP,aq1122,TG,2026-06-11 09:42:39,q55888855,,,2026-06-12 12:50:05,,,,,,,0,0,0,0,0,0,0
2065068708047941632,296UDCBR,aq1122,TG,2026-06-11 09:48:41,ak888885555,,,2026-06-11 09:54:54,,,,,,,0,0,0,0,0,0,0
2065070868093530112,,a1760356615,郵箱,2026-06-11 09:57:16,UseryWmHql,kl6677899@gmail.com,,2026-06-12 08:17:57,,,,,,,0,0,0,0,0,0,0
2065084340437053440,541QTVQE,test01,TG,2026-06-11 10:50:48,UGgamete,,,2026-06-11 10:51:06,,,,,,,0,0,0,0,0,0,0
2065089095032958976,284CUHQT,hj1111,TG,2026-06-11 11:09:42,Acai8810,,,2026-06-11 12:18:35,,,,,,,0,0,0,0,0,0,0
2065093219006869504,716RXGBD,hj1111,TG,2026-06-11 11:26:05,Joe_M4A1,,,2026-06-11 11:26:07,,,,,,,0,0,0,0,0,0,0
2065095973544718336,454QCRXH,hj1111,TG,2026-06-11 11:37:02,ZF7758258,,,2026-06-11 11:37:04,,,,,,,0,0,0,0,0,0,0
2065104408004849664,311PKADC,a1760356615,TG,2026-06-11 12:10:33,qingxin666666,,,2026-06-13 11:50:54,,,,,,,0,0,0,0,0,0,0
2065108258447224832,586XSBNF,a1760356615,TG,2026-06-11 12:25:51,UGame88,,,2026-06-12 10:36:17,,,,,,,0,0,0,0,0,0,0
2065115495521644544,yamei168,a1760356615,帳號,2026-06-11 12:54:36,UserNqsLTd,,,2026-06-11 13:39:57,,,,,,,0,0,0,0,0,0,0
2065115805510070272,945FWGJY,a1760356615,TG,2026-06-11 12:55:50,Ws02biz,,,,,,,,,,0,0,0,0,0,0,0
2065115806747389952,145PFNBD,a1760356615,TG,2026-06-11 12:55:50,Ws02biz,,,,,,,,,,0,0,0,0,0,0,0
2065117050807316480,Qwer666888,qx1122,帳號,2026-06-11 13:00:47,UserVxXBDD,,,2026-06-15 01:02:59,2026-06-11 13:06:15,2026-06-14 17:26:15,2026-06-11 13:11:41,2026-06-14 17:50:51,,,4,18900,0,0,230328.33,-20557.73,9653
2065125164386414592,329UBFPS,aq1122,TG,2026-06-11 13:33:02,shangyun006,,,2026-06-11 13:55:30,,,,,,,0,0,0,0,0,0,0
2065125909097672704,593MWXEH,aq1122,TG,2026-06-11 13:35:59,Hy_JIMI,,,2026-06-11 13:47:33,,,,,,,0,0,0,0,0,0,0
2065128805990199296,127FKEPX,a1760356615,TG,2026-06-11 13:47:30,mdy566,,,2026-06-11 13:48:21,,,,,,,0,0,0,0,0,0,0
2065128958289571840,369NKRGX,a1760356615,TG,2026-06-11 13:48:06,nanrenaaa,,,2026-06-11 13:48:08,,,,,,,0,0,0,0,0,0,0
2065129324682997760,658CAFRK,a1760356615,TG,2026-06-11 13:49:33,QZF6999,,,2026-06-11 13:49:52,,,,,,,0,0,0,0,0,0,0
2065129449337712640,769YFFJB,a1760356615,TG,2026-06-11 13:50:03,JiuYa777,,,2026-06-11 13:50:18,,,,,,,0,0,0,0,0,0,0
2065129671237365760,146NVUWS,aq1122,TG,2026-06-11 13:50:56,Xiaoyi_biubiu,,,2026-06-13 13:37:08,,,,,,,0,0,0,0,0,0,0
2065130064507891712,865NGRSJ,a1760356615,TG,2026-06-11 13:52:30,Wanyingpay001,,,2026-06-11 13:52:30,,,,,,,0,0,0,0,0,0,0
2065130147144069120,923VFXXT,a1760356615,TG,2026-06-11 13:52:49,ryds0696,,,2026-06-12 23:56:13,,,,,,,0,0,0,0,0,0,0
2065130282460704768,195JVGST,aq1122,TG,2026-06-11 13:53:22,peiqi3535,,,2026-06-15 01:02:59,2026-06-11 14:03:15,2026-06-11 14:03:15,2026-06-11 15:45:22,2026-06-12 17:40:28,,,1,2000,0,0,3088,-2522,15
2065130833235734528,159BUMHM,aq1122,TG,2026-06-11 13:55:33,FD0011,,,2026-06-11 13:55:33,,,,,,,0,0,0,0,0,0,0
2065130970221703168,382CAGHD,aq1122,TG,2026-06-11 13:56:06,ai1231231,,,2026-06-14 16:30:00,2026-06-11 15:18:15,2026-06-11 15:18:15,2026-06-11 15:20:34,2026-06-14 01:26:45,2026-06-11 16:09:35,2026-06-11 16:09:35,1,100,1,200,1193.6,89.66,187
2065130975837876224,324NDHHE,aq1122,TG,2026-06-11 13:56:07,Lig010120,,,2026-06-12 16:30:00,2026-06-11 14:01:15,2026-06-11 14:01:15,2026-06-11 19:12:33,2026-06-11 19:12:33,,,1,500,0,0,505,-505,1
2065132031359643648,352XUKRN,a1760356615,TG,2026-06-11 14:00:19,DDM7788,,,2026-06-11 14:04:34,,,,,,,0,0,0,0,0,0,0
2065132212687794176,382JNEGC,a1760356615,TG,2026-06-11 14:01:02,wangwang3304,,,2026-06-11 14:01:03,,,,,,,0,0,0,0,0,0,0
2065133146042068992,213RFGVE,aq1122,TG,2026-06-11 14:04:44,UserTGVDCE,,,2026-06-15 01:02:59,2026-06-11 18:18:15,2026-06-11 18:18:15,2026-06-11 18:22:34,2026-06-14 12:07:52,2026-06-14 12:00:34,2026-06-14 12:00:34,1,200,1,281,467,77.04,5
2065133491413643264,221JENVD,aq1122,TG,2026-06-11 14:06:07,sshh8,,,2026-06-11 14:08:40,,,,,,,0,0,0,0,0,0,0
2065134617462632448,661AYDWA,a1760356615,TG,2026-06-11 14:10:35,X95279,,,2026-06-12 15:42:40,,,,,,,0,0,0,0,0,0,0
2065134688732246016,251PBAEN,a1760356615,TG,2026-06-11 14:10:52,aaa75579,,,2026-06-14 16:30:01,2026-06-14 11:41:15,2026-06-14 11:41:15,2026-06-14 11:43:52,2026-06-14 12:00:21,2026-06-14 12:13:29,2026-06-14 12:13:29,1,20,1,37,338,17,36
2065135433120542720,,aq1122,手機號,2026-06-11 14:13:50,UserPcxvnE,,+855 185678888,2026-06-11 14:13:50,,,,,,,0,0,0,0,0,0,0
2065141516857831424,876MQAQG,aq1122,TG,2026-06-11 14:38:00,Hy_FUGu1,,,2026-06-11 14:38:01,,,,,,,0,0,0,0,0,0,0
2065144634152644608,577VWTCS,aq1122,TG,2026-06-11 14:50:23,zgkm001,,,2026-06-12 13:02:27,,,,,,,0,0,0,0,0,0,0
2065144751257612288,956VQEAA,aq1122,TG,2026-06-11 14:50:51,AQ8080,,,2026-06-11 14:50:53,,,,,,,0,0,0,0,0,0,0
2065146735800938496,739KWUTA,aq1122,TG,2026-06-11 14:58:45,UsertnEbUF,,,2026-06-12 17:14:49,,,,,,,0,0,0,0,0,0,0
2065159437512404992,457ANJFB,aq1122,TG,2026-06-11 15:49:13,ztw3698,,,2026-06-11 15:49:15,,,,,,,0,0,0,0,0,0,0
2065183159992512512,747SRWRS,a1760356615,TG,2026-06-11 17:23:29,cc11233,,,2026-06-14 21:49:06,2026-06-12 11:32:15,2026-06-14 11:18:15,2026-06-12 11:41:28,2026-06-14 14:26:59,,,3,11500,0,0,10788.8,-10348.2,15
2065193526999183360,777JSACC,aq1122,TG,2026-06-11 18:04:40,Longbin888888,,,2026-06-11 18:04:43,,,,,,,0,0,0,0,0,0,0
2065219582636388352,137NXRMF,a1760356615,TG,2026-06-11 19:48:13,Manoel19955,,,2026-06-11 19:48:14,,,,,,,0,0,0,0,0,0,0
2065225716667576320,,a1760356615,郵箱,2026-06-11 20:12:35,UserZcoXyb,sisxf0411@gmail.com,,2026-06-11 20:15:00,,,,,,,0,0,0,0,0,0,0
2065226957254619136,191CHYDJ,hj1111,TG,2026-06-11 20:17:31,z20451303,,,2026-06-12 13:57:52,,,,,,,0,0,0,0,0,0,0
2065232047520673792,639HDABF,hj1111,TG,2026-06-11 20:37:44,jjyu6688,,,2026-06-15 01:02:59,,,,,,,0,0,0,0,0,0,0
2065259674855862272,,a1760356615,TG,2026-06-11 22:27:31,jesse0833,,,2026-06-11 22:27:32,,,,,,,0,0,0,0,0,0,0
2065273458081198080,495NNCVH,a1760356615,TG,2026-06-11 23:22:17,luntan9527,,,,,,,,,,0,0,0,0,0,0,0
2065273486828957696,156URKCC,a1760356615,TG,2026-06-11 23:22:24,luntan9527,,,,,,,,,,0,0,0,0,0,0,0
2065273624095944704,567XRGBD,a1760356615,TG,2026-06-11 23:22:57,luntan9527,,,,,,,,,,0,0,0,0,0,0,0
2065273750302552064,274WVTBY,a1760356615,TG,2026-06-11 23:23:27,luntan9527,,,,,,,,,,0,0,0,0,0,0,0
2065273814823530496,388KUTMA,a1760356615,TG,2026-06-11 23:23:43,luntan9527,,,,,,,,,,0,0,0,0,0,0,0
2065273835388203008,717UPFCR,a1760356615,TG,2026-06-11 23:23:47,luntan9527,,,,,,,,,,0,0,0,0,0,0,0
2065274450361249792,249RFFDC,a1760356615,TG,2026-06-11 23:26:14,luntan9527,,,,,,,,,,0,0,0,0,0,0,0
2065274464407973888,655BNCDA,a1760356615,TG,2026-06-11 23:26:17,luntan9527,,,,,,,,,,0,0,0,0,0,0,0
2065274714652733440,947WJYVD,a1760356615,TG,2026-06-11 23:27:17,luntan9527,,,,,,,,,,0,0,0,0,0,0,0
2065276198303887360,133PKBKB,a1760356615,TG,2026-06-11 23:33:11,ukey1219,,,2026-06-12 22:51:53,,,,,,,0,0,0,0,0,0,0
2065295922400129024,157HDJNQ,hj1111,TG,2026-06-12 00:51:33,UserUiigbu,,,2026-06-14 01:04:15,,,,,,,0,0,0,0,0,0,0
2065328520841195520,586UQNTK,aq1122,TG,2026-06-12 03:01:05,dizhu999999999,,,2026-06-12 04:36:16,,,,,,,0,0,0,0,0,0,0
2065376588613611520,,a1760356615,手機號,2026-06-12 06:12:06,UserkwaPBk,,+86 13164661248,2026-06-15 01:26:40,2026-06-12 06:41:15,2026-06-13 03:42:15,2026-06-12 06:47:31,2026-06-14 05:40:12,2026-06-12 07:25:34,2026-06-12 07:25:34,4,345,1,30,40379.05,-454.85,36133
2065386075642720256,,qx1122,手機號,2026-06-12 06:49:48,UservFZPtP,,+855 887229458,2026-06-13 01:01:17,,,,,,,0,0,0,0,0,0,0
2065397098395267072,944ATWFK,pd1122,TG,2026-06-12 07:33:36,A1188S,,,2026-06-14 16:30:01,2026-06-14 08:10:15,2026-06-14 08:10:15,2026-06-14 12:43:00,2026-06-14 12:43:00,,,1,100,0,0,82,82,1
2065397106804846592,642VBUKE,pd1122,TG,2026-06-12 07:33:38,BCXCUDD,,,2026-06-13 06:50:27,,,,,,,0,0,0,0,0,0,0
2065398619568664576,caicai11,a1760356615,帳號,2026-06-12 07:39:38,UserwKQeVr,,,2026-06-12 07:39:39,,,,,,,0,0,0,0,0,0,0
2065398808203292672,658BFDDS,a1760356615,TG,2026-06-12 07:40:23,hai88821,,,2026-06-12 07:40:24,,,,,,,0,0,0,0,0,0,0
2065405462311399424,133WHSPQ,aq1122,TG,2026-06-12 08:06:50,maoer1234,,,2026-06-13 17:28:28,,,,,,,0,0,0,0,0,0,0
2065411408538431488,,a1760356615,手機號,2026-06-12 08:30:27,UserPfalxm,,+855 89606789,2026-06-12 08:40:43,,,,,,,0,0,0,0,0,0,0
2065413860142673920,xiangcai520,test01,帳號,2026-06-12 08:40:12,UserFQsAez,,,2026-06-14 18:05:00,2026-06-12 08:59:13,2026-06-12 08:59:13,2026-06-12 13:37:23,2026-06-14 15:51:28,,,1,5000,0,0,5971.3,-3081.7,31
2065414299378577408,facai888,test01,帳號,2026-06-12 08:41:57,UsersQcazt,,,2026-06-14 20:29:33,2026-06-12 08:59:11,2026-06-12 08:59:11,2026-06-14 14:19:41,2026-06-14 14:23:20,,,1,5000,0,0,5050,-5050,5
2065415633301467136,qianwan888,test01,帳號,2026-06-12 08:47:15,UserjJaFlI,,,2026-06-14 16:30:00,2026-06-12 08:59:10,2026-06-12 08:59:10,2026-06-13 17:33:09,2026-06-13 17:37:40,,,1,5000,0,0,3025.6,-1684.4,7
2065416090673541120,haohao987,test01,帳號,2026-06-12 08:49:04,UsertEGmIg,,,2026-06-14 18:05:00,2026-06-12 08:59:08,2026-06-12 08:59:08,2026-06-12 13:44:15,2026-06-14 15:47:02,,,1,5000,0,0,6049.6,1805.6,54
2065417393051070464,,a1760356615,Google,2026-06-12 08:54:14,Jj Great,,,2026-06-12 08:54:15,,,,,,,0,0,0,0,0,0,0
2065420901145964544,Chen8889,a1760356615,帳號,2026-06-12 09:08:11,UserDJjbeC,,,2026-06-15 01:02:59,,,,,,,0,0,0,0,0,0,0
2065422219931611136,vincent777,a1760356615,帳號,2026-06-12 09:13:25,UserSLqhcD,,,2026-06-13 11:59:13,,,,,,,0,0,0,0,0,0,0
2065427882439143424,327QGJPV,pd1122,TG,2026-06-12 09:35:55,adkissk,,,2026-06-12 09:37:32,,,,,,,0,0,0,0,0,0,0
2065427945114628096,649MWHUW,pd1122,TG,2026-06-12 09:36:10,DFSVIP12,,,2026-06-13 17:31:38,,,,,,,0,0,0,0,0,0,0
2065430331006709760,535ETVKU,hj1111,TG,2026-06-12 09:45:39,qx6678,,,2026-06-12 09:45:58,,,,,,,0,0,0,0,0,0,0
2065431875978588160,245NJSHD,a1760356615,TG,2026-06-12 09:51:47,xiaobing8889,,,2026-06-13 12:18:42,,,,,,,0,0,0,0,0,0,0
2065436046580576256,985CCSFQ,pd1122,TG,2026-06-12 10:08:22,cindy470719,,,2026-06-14 08:06:54,,,,,,,0,0,0,0,0,0,0
2065439175090958336,Qazqaz789,qx1122,帳號,2026-06-12 10:20:48,UserFYLCCz,,,2026-06-15 01:02:59,,,2026-06-14 16:53:15,2026-06-14 16:53:15,,,0,0,0,0,0,-100,1
2065449725409685504,397DRBNU,aq1122,TG,2026-06-12 11:02:43,aa88869996,,,2026-06-13 10:44:45,,,,,,,0,0,0,0,0,0,0
2065451658186911744,rlrs88888,pd1122,帳號,2026-06-12 11:10:24,UseriLDOSF,,,2026-06-12 11:10:24,,,,,,,0,0,0,0,0,0,0
2065451680114733056,hh666369,a1760356615,帳號,2026-06-12 11:10:29,UserhbFTik,,,2026-06-12 11:10:29,,,,,,,0,0,0,0,0,0,0
2065472901267771392,981XHKMG,hj1111,TG,2026-06-12 12:34:48,amoydt,,,2026-06-12 12:35:33,,,,,,,0,0,0,0,0,0,0
2065474160565604352,184PWRQP,aq1122,TG,2026-06-12 12:39:49,Xbb5588,,,2026-06-14 23:32:45,,,,,,,0,0,0,0,0,0,0
2065474634761031680,185PPNYU,aq1122,TG,2026-06-12 12:41:42,UserwQHuzR,,,2026-06-12 12:41:52,,,,,,,0,0,0,0,0,0,0
2065474823420825600,146HFDWG,a1760356615,TG,2026-06-12 12:42:27,fcc66777,,,2026-06-12 12:42:29,,,,,,,0,0,0,0,0,0,0
2065475311386152960,344CJCEG,aq1122,TG,2026-06-12 12:44:23,bm33989,,,2026-06-12 12:47:36,,,,,,,0,0,0,0,0,0,0
2065475780149956608,744GDMPW,aq1122,TG,2026-06-12 12:46:15,wz68888,,,2026-06-12 12:46:32,,,,,,,0,0,0,0,0,0,0
2065478126786899968,238VAXXP,aq1122,TG,2026-06-12 12:55:34,Xmf168168168,,,2026-06-13 23:53:16,,,,,,,0,0,0,0,0,0,0
2065478892603895808,953TTDVD,aq1122,TG,2026-06-12 12:58:37,Ledzv,,,2026-06-13 20:00:44,,,,,,,0,0,0,0,0,0,0
2065486346691604480,326EGTPB,aq1122,TG,2026-06-12 13:28:14,HY_802,,,2026-06-13 19:08:38,,,,,,,0,0,0,0,0,0,0
2065489387315187712,751VYBUD,aq1122,TG,2026-06-12 13:40:19,W0898,,,2026-06-15 00:04:35,2026-06-13 07:42:15,2026-06-14 10:14:15,2026-06-13 07:39:09,2026-06-14 10:49:52,,,2,1000,0,0,805,-905,7
2065490322468818944,213UWRCD,aq1122,TG,2026-06-12 13:44:02,ppcloud,,,2026-06-12 13:44:03,,,,,,,0,0,0,0,0,0,0
2065493251430993920,863UWWAR,aq1122,TG,2026-06-12 13:55:40,poisonking_K,,,2026-06-12 13:55:41,,,,,,,0,0,0,0,0,0,0
2065494708586729472,939SYKQY,aq1122,TG,2026-06-12 14:01:28,gdluck1989510,,,2026-06-12 14:01:29,,,,,,,0,0,0,0,0,0,0
2065495859273060352,549AAWGK,aq1122,TG,2026-06-12 14:06:02,oneone412,,,2026-06-12 14:06:04,,,,,,,0,0,0,0,0,0,0
2065497501263384576,272QNJFB,aq1122,TG,2026-06-12 14:12:34,Rouer1997,,,2026-06-12 14:12:36,,,,,,,0,0,0,0,0,0,0
2065517361178931200,,pd1122,郵箱,2026-06-12 15:31:29,UserJYVWfH,xi903127@gmail.com,,2026-06-12 15:31:29,,,,,,,0,0,0,0,0,0,0
2065524784757805056,487KRJNG,aq1122,TG,2026-06-12 16:00:58,hhfc88986,,,2026-06-14 14:31:41,,,,,,,0,0,0,0,0,0,0
2065551932897955840,zuoluo168888,pd1122,帳號,2026-06-12 17:48:51,UserVlRmzH,,,2026-06-12 17:55:53,,,,,,,0,0,0,0,0,0,0
2065553026763517952,111RAWCY,aq1122,TG,2026-06-12 17:53:12,UserKBTmdC,,,2026-06-12 17:56:27,,,,,,,0,0,0,0,0,0,0
2065563569998065664,574UHQGF,aq1122,TG,2026-06-12 18:35:06,ml13647,,,2026-06-14 01:23:28,,,,,,,0,0,0,0,0,0,0
2065583764221259776,785HRPEU,aq1122,TG,2026-06-12 19:55:20,mm867799,,,2026-06-12 19:55:31,,,,,,,0,0,0,0,0,0,0
2065607351221153792,371QASWB,aq1122,TG,2026-06-12 21:29:04,cjyhudie5578,,,2026-06-14 07:44:04,,,,,,,0,0,0,0,0,0,0
2065614946476552192,782GWFYR,pd1122,TG,2026-06-12 21:59:15,zhaocai_66888,,,2026-06-12 22:00:05,,,,,,,0,0,0,0,0,0,0
2065623489271894016,266THAEV,a1760356615,TG,2026-06-12 22:33:11,monkey8705443,,,2026-06-13 01:02:00,,,,,,,0,0,0,0,0,0,0
2065638464698249216,481JVDGH,aq1122,TG,2026-06-12 23:32:42,DT605,,,2026-06-15 01:02:59,,,,,,,0,0,0,0,0,0,0
2065674214383357952,jy202606,hj1111,帳號,2026-06-13 01:54:45,UserrttIks,,,2026-06-14 16:30:00,2026-06-13 07:20:16,2026-06-13 07:20:16,2026-06-13 07:53:38,2026-06-13 07:53:38,,,1,100,0,0,100,-100,1
2065684736923209728,,hj1111,手機號,2026-06-13 02:36:34,UseredyBpx,,+86 13227553888,2026-06-15 01:02:59,,,,,,,0,0,0,0,0,0,0
2065686502103904256,634RDJCT,aq1122,TG,2026-06-13 02:43:35,lost666888,,,2026-06-13 02:43:36,,,,,,,0,0,0,0,0,0,0
2065686768085692416,715AKDFU,aq1122,TG,2026-06-13 02:44:38,aming7879,,,2026-06-13 02:44:54,,,,,,,0,0,0,0,0,0,0
2065697602295885824,775FWGUF,a1760356615,TG,2026-06-13 03:27:41,kl55677,,,2026-06-13 16:30:00,2026-06-13 03:35:15,2026-06-13 03:35:15,2026-06-13 03:42:10,2026-06-13 04:11:28,,,1,300,0,0,620,-54.7,310
2065720974660661248,239ACDCJ,aq1122,TG,2026-06-13 05:00:34,yu168zhou,,,2026-06-13 05:00:35,,,,,,,0,0,0,0,0,0,0
2065738853414137856,578DSNJG,aq1122,TG,2026-06-13 06:11:36,liyu258369,,,2026-06-13 06:11:38,,,,,,,0,0,0,0,0,0,0
2065742999886827520,,a1760356615,Google,2026-06-13 06:28:05,yi xiu,,,2026-06-13 06:37:41,,,,,,,0,0,0,0,0,0,0
2065761807158546432,864DMYBY,test01,TG,2026-06-13 07:42:49,cdlonng,,,2026-06-13 20:37:05,,,,,,,0,0,0,0,0,0,0
2065762198143176704,874HQYXD,test01,TG,2026-06-13 07:44:22,xyxyxy99099,,,2026-06-14 05:50:56,,,,,,,0,0,0,0,0,0,0
2065762945635258368,797EAFVN,test01,TG,2026-06-13 07:47:20,sunny166166166,,,2026-06-14 22:48:56,,,,,,,0,0,0,0,0,0,0
2065770082230398976,658CCBRU,hj1111,TG,2026-06-13 08:15:42,TZ1000WUSDT,,,2026-06-13 08:16:20,,,,,,,0,0,0,0,0,0,0
2065785191153594368,421TVSFE,aq1122,TG,2026-06-13 09:15:44,lufei1688888888,,,2026-06-13 09:16:04,,,,,,,0,0,0,0,0,0,0
2065790054990147584,469QPXTG,aq1122,TG,2026-06-13 09:35:04,zhuanzhuanzhuan555,,,2026-06-13 14:58:05,,,,,,,0,0,0,0,0,0,0
2065798540474519552,,a1760356615,Google,2026-06-13 10:08:47,charlie G,,,,,,,,,,0,0,0,0,0,0,0
2065798607163953152,,a1760356615,Google,2026-06-13 10:09:03,charlie G,,,,,,,,,,0,0,0,0,0,0,0
2065798883988017152,,a1760356615,Google,2026-06-13 10:10:09,charlie G,,,,,,,,,,0,0,0,0,0,0,0
2065803217739509760,246XJTBU,pd1122,TG,2026-06-13 10:27:22,xiaokaixin0609,,,2026-06-13 10:27:23,,,,,,,0,0,0,0,0,0,0
2065824504796999680,515MDRBD,qx1122,TG,2026-06-13 11:51:57,baobao555888,,,2026-06-14 13:16:20,,,,,,,0,0,0,0,0,0,0
2065830838900682752,743KNSDE,a1760356615,TG,2026-06-13 12:17:07,zilong1681,,,2026-06-14 02:23:20,,,,,,,0,0,0,0,0,0,0
2065850010095382528,816PUYSP,a1760356615,TG,2026-06-13 13:33:18,samfzs7,,,2026-06-13 13:33:37,,,,,,,0,0,0,0,0,0,0
2065851103160365056,218HKGKN,a1760356615,TG,2026-06-13 13:37:39,Super_liubang,,,2026-06-14 14:55:41,,,,,,,0,0,0,0,0,0,0
2065859828973629440,475CVDWD,aq1122,TG,2026-06-13 14:12:19,DF320111,,,2026-06-13 14:12:45,,,,,,,0,0,0,0,0,0,0
2065871309135998976,449CBMTD,aq1122,TG,2026-06-13 14:57:56,yd221319,,,2026-06-13 14:58:14,,,,,,,0,0,0,0,0,0,0
2065878617664581632,521ASUDB,aq1122,TG,2026-06-13 15:26:59,qianggege5588,,,2026-06-13 15:27:01,,,,,,,0,0,0,0,0,0,0
2065903944982401024,,0,Google,2026-06-13 17:07:37,yi ru,,,2026-06-13 17:09:01,,,,,,,0,0,0,0,0,0,0
2065904092730421248,,a1760356615,手機號,2026-06-13 17:08:13,UsermUjPvt,,+855 313128829,2026-06-13 17:14:05,,,,,,,0,0,0,0,0,0,0
2065904139379470336,,a1760356615,Google,2026-06-13 17:08:24,星,,,2026-06-14 09:02:52,,,,,,,0,0,0,0,0,0,0
2065976552801722368,623SFDBQ,aq1122,TG,2026-06-13 21:56:08,baoge551199,,,2026-06-13 21:56:09,,,,,,,0,0,0,0,0,0,0
2066015921016205312,443YPMYG,aq1122,TG,2026-06-14 00:32:34,UserSatIuc,,,2026-06-14 00:32:37,,,,,,,0,0,0,0,0,0,0
2066058055618457600,863AFXAW,aq1122,TG,2026-06-14 03:20:00,Ws02biz,,,,,,,,,,0,0,0,0,0,0,0
2066062395448029184,335SBKRR,aq1122,TG,2026-06-14 03:37:15,jy13142,,,2026-06-14 03:37:16,,,,,,,0,0,0,0,0,0,0
2066089064889081856,733KDVCX,a1760356615,TG,2026-06-14 05:23:13,UserJCUZgU,,,2026-06-14 05:23:14,,,,,,,0,0,0,0,0,0,0
2066099387113168896,223BSFWU,a1760356615,TG,2026-06-14 06:04:14,ZY11117,,,2026-06-14 06:04:57,,,,,,,0,0,0,0,0,0,0
2066119209322569728,228KVYRC,pd1122,TG,2026-06-14 07:23:00,gw111,,,2026-06-14 07:23:11,,,,,,,0,0,0,0,0,0,0
2066130425810018304,247VSWXJ,ty1113,TG,2026-06-14 08:07:35,vkeee,,,2026-06-15 01:02:59,,,,,,,0,0,0,0,0,0,0
2066142884172161024,284DMBBM,aq1122,TG,2026-06-14 08:57:05,UserkiLRqK,,,2026-06-14 08:57:07,,,,,,,0,0,0,0,0,0,0
2066156618353500160,459RTTDA,a1760356615,TG,2026-06-14 09:51:39,Ws02biz,,,,,,,,,,0,0,0,0,0,0,0
2066156640176463872,519KGMRN,a1760356615,TG,2026-06-14 09:51:45,Ws02biz,,,,,,,,,,0,0,0,0,0,0,0
2066156763891654656,739KVQBT,a1760356615,TG,2026-06-14 09:52:14,Ws02biz,,,,,,,,,,0,0,0,0,0,0,0
2066156825950576640,514BKDEK,a1760356615,TG,2026-06-14 09:52:29,Ws02biz,,,,,,,,,,0,0,0,0,0,0,0
2066162612542398464,866AKAJD,ty1114,TG,2026-06-14 10:15:28,tonglaoban,,,2026-06-14 10:15:29,,,,,,,0,0,0,0,0,0,0
2066177160660971520,759KWUYW,a1760356615,TG,2026-06-14 11:13:17,Ws02biz,,,,,,,,,,0,0,0,0,0,0,0
2066177161692770304,283JGSAR,a1760356615,TG,2026-06-14 11:13:17,Ws02biz,,,,,,,,,,0,0,0,0,0,0,0
2066197721601564672,qianyi001,pd1122,帳號,2026-06-14 12:34:59,UseraMSrca,,,2026-06-14 14:08:46,,,,,,,0,0,0,0,0,0,0
2066199611243556864,747VAAYB,test01,TG,2026-06-14 12:42:30,Ws02biz,,,,,,,,,,0,0,0,0,0,0,0
2066199837928910848,611XFJJR,test01,TG,2026-06-14 12:43:24,Ws02biz,,,,,,,,,,0,0,0,0,0,0,0
2066199844279087104,129PWJQM,test01,TG,2026-06-14 12:43:25,Ws02biz,,,,,,,,,,0,0,0,0,0,0,0
2066199907558551552,785UFHDJ,test01,TG,2026-06-14 12:43:40,Ws02biz,,,,,,,,,,0,0,0,0,0,0,0
2066199925589864448,737MCPPG,test01,TG,2026-06-14 12:43:45,Ws02biz,,,,,,,,,,0,0,0,0,0,0,0
2066200049779011584,462RHQWB,test01,TG,2026-06-14 12:44:14,Ws02biz,,,,,,,,,,0,0,0,0,0,0,0
2066200082121289728,445XDYXV,test01,TG,2026-06-14 12:44:22,Ws02biz,,,,,,,,,,0,0,0,0,0,0,0
2066204671843299328,912HNBRN,a1760356615,TG,2026-06-14 13:02:36,on6319wbk0ljl,,,2026-06-14 13:02:37,,,,,,,0,0,0,0,0,0,0
2066213551042260992,479RNDVA,ty1111,TG,2026-06-14 13:37:53,Ws02biz,,,,,,,,,,0,0,0,0,0,0,0
2066223320234782720,ssd67665,a1760356615,帳號,2026-06-14 14:16:42,UserNHBQZw,,,2026-06-14 14:26:36,,,,,,,0,0,0,0,0,0,0
2066223417387446272,133YAMDB,ty1112,TG,2026-06-14 14:17:05,UserdpVEpg,,,2026-06-14 14:17:37,,,,,,,0,0,0,0,0,0,0
2066224136744136704,918XDNHG,a1760356615,TG,2026-06-14 14:19:57,pop889999,,,2026-06-14 14:20:07,,,,,,,0,0,0,0,0,0,0
2066234777504641024,918PACCE,hj1111,TG,2026-06-14 15:02:14,HuiD99,,,2026-06-14 15:03:58,,,,,,,0,0,0,0,0,0,0
2066261664294526976,891TGAAX,a1760356615,TG,2026-06-14 16:49:04,avzktr2w5prrxl,,,2026-06-14 16:49:05,,,,,,,0,0,0,0,0,0,0
2066348490010193920,192ATWGR,a1760356615,TG,2026-06-14 22:34:05,UserOsZxLE,,,2026-06-14 22:34:21,,,,,,,0,0,0,0,0,0,0
